epoch,t_s,node_id,tier,x_m,y_m,z0_mm,subsidence_mm,subsidence_prov,tilt_x_urad,tilt_y_urad,tilt_prov,strain_ustrain,strain_prov,disp_mm,disp_prov,battery_mv,rssi_dbm,parent_used,delivered,via_emergency
1,3600.0,100,1A,-13.29,145.48,0.0,-2.977,synthetic,1192.227,1218.54,synthetic,,,,,4204.921,-59.97,32,true,false
1,3600.0,101,1A,-6.19,-117.25,0.0,-1.175,synthetic,1185.636,1235.401,synthetic,,,,,4201.855,-59.139,32,true,false
1,3600.0,102,1B,10.76,5.93,0.0,-1.08,synthetic,,,,49.572,synthetic,0.366,synthetic,4201.102,-53.13,36,false,true
1,3600.0,103,1B,52.78,-34.48,0.0,-0.434,synthetic,,,,46.63,synthetic,0.675,synthetic,4198.54,-48.814,36,true,false
1,3600.0,104,1C,94.17,4.32,0.0,-0.742,synthetic,,,,39.722,synthetic,,,4198.83,-44.124,36,true,false
1,3600.0,105,1B,102.12,-142.73,0.0,1.933,synthetic,,,,47.771,synthetic,0.687,synthetic,4200.646,-49.623,37,true,false
1,3600.0,106,1C,114.25,-15.88,0.0,1.737,synthetic,,,,41.889,synthetic,,,4201.881,-49.977,36,true,false
1,3600.0,107,1B,115.13,127.21,0.0,0.189,synthetic,,,,52.818,synthetic,0.694,synthetic,4201.617,-55.266,76,true,false
1,3600.0,108,1C,126.81,6.98,0.0,1.394,synthetic,,,,38.018,synthetic,,,4201.388,-46.016,10,true,false
1,3600.0,109,1C,131.69,31.8,0.0,1.638,synthetic,,,,40.4,synthetic,,,4202.282,-53.823,36,true,false
1,3600.0,110,1C,150.17,-28.07,0.0,-1.142,synthetic,,,,42.227,synthetic,,,4201.674,-45.528,10,true,false
1,3600.0,111,1C,150.57,-1.71,0.0,2.226,synthetic,,,,44.691,synthetic,,,4195.371,-24.657,10,true,false
1,3600.0,112,1B,154.36,-151.04,0.0,3.536,synthetic,,,,55.127,synthetic,0.477,synthetic,4198.69,-38.411,37,true,false
1,3600.0,113,1C,161.87,26.92,0.0,1.563,synthetic,,,,44.295,synthetic,,,4205.488,-54.89,39,true,true
1,3600.0,114,1B,172.22,-96.29,0.0,-1.197,synthetic,,,,58.853,synthetic,0.441,synthetic,4197.902,-53.183,37,true,false
1,3600.0,115,1C,178.03,-29.46,0.0,0.289,synthetic,,,,41.531,synthetic,,,4202.894,-57.91,36,true,false
1,3600.0,116,1C,180.68,7.0,0.0,2.657,synthetic,,,,42.616,synthetic,,,4188.677,-46.508,10,true,false
1,3600.0,117,1B,192.21,137.4,0.0,-1.485,synthetic,,,,57.507,synthetic,0.127,synthetic,4200.375,-46.589,76,true,false
1,3600.0,118,1C,197.73,26.63,0.0,0.936,synthetic,,,,37.174,synthetic,,,4195.152,-55.404,76,true,false
1,3600.0,119,1C,201.84,-12.84,0.0,0.687,synthetic,,,,34.614,synthetic,,,4196.479,-47.525,39,true,false
1,3600.0,120,1B,203.6,-168.65,0.0,0.939,synthetic,,,,45.448,synthetic,0.397,synthetic,4205.315,-52.869,55,true,false
1,3600.0,121,1C,229.26,-15.84,0.0,-2.615,synthetic,,,,40.685,synthetic,,,4199.697,-40.245,39,true,false
1,3600.0,122,1C,233.7,20.32,0.0,0.287,synthetic,,,,40.231,synthetic,,,4205.696,-44.209,39,true,false
1,3600.0,123,1A,258.0,-203.37,0.0,-1.376,pinned,1221.804,1481.448,synthetic,,,,,4200.284,-43.97,55,true,false
1,3600.0,124,1A,258.0,-173.77,0.0,1.877,pinned,1406.819,1265.119,synthetic,,,,,4199.166,-36.894,55,true,false
1,3600.0,125,1B,258.0,-153.57,0.0,1.506,pinned,,,,49.827,synthetic,0.589,synthetic,4201.831,-46.423,55,true,false
1,3600.0,126,1B,258.0,-133.57,0.0,2.583,pinned,,,,57.414,synthetic,0.365,synthetic,4198.083,-48.048,68,true,false
1,3600.0,127,1B,258.0,-113.57,0.0,1.36,pinned,,,,53.453,synthetic,0.577,synthetic,4198.096,-42.748,68,true,false
1,3600.0,128,1A,258.0,-93.37,0.0,-0.812,pinned,1238.926,1201.772,synthetic,,,,,4204.318,-42.022,68,true,false
1,3600.0,129,1A,258.0,-73.37,0.0,-0.994,pinned,1234.426,1394.254,synthetic,,,,,4199.918,-47.416,68,true,false
1,3600.0,130,1B,258.0,-43.27,0.0,1.722,pinned,,,,42.975,synthetic,0.551,synthetic,4197.435,-52.859,68,true,false
1,3600.0,131,1C,258.0,-13.67,0.0,-0.561,pinned,,,,38.853,synthetic,,,4197.775,-46.021,39,true,false
1,3600.0,132,1C,258.0,6.63,0.0,0.13,pinned,,,,44.242,synthetic,,,4199.105,-45.68,39,true,false
1,3600.0,133,1C,258.0,36.73,0.0,-0.54,pinned,,,,41.096,synthetic,,,4202.605,-47.959,56,true,false
1,3600.0,134,1A,258.0,66.63,0.0,-0.452,pinned,1264.678,1408.969,synthetic,,,,,4198.132,-40.686,56,true,false
1,3600.0,135,1B,258.0,96.53,0.0,1.842,pinned,,,,50.987,synthetic,0.743,synthetic,4200.108,-47.368,56,true,false
1,3600.0,136,1B,258.0,126.53,0.0,-1.251,pinned,,,,46.472,synthetic,0.532,synthetic,4200.344,-49.585,59,true,false
1,3600.0,137,1B,258.0,146.53,0.0,1.742,pinned,,,,49.418,synthetic,0.482,synthetic,4203.271,-44.009,59,true,false
1,3600.0,138,1B,258.0,166.53,0.0,1.768,pinned,,,,51.091,synthetic,0.355,synthetic,4197.502,-31.321,59,true,false
1,3600.0,139,1A,258.0,186.53,0.0,-0.66,pinned,1322.053,1122.553,synthetic,,,,,4196.048,-42.885,59,true,false
1,3600.0,140,1C,284.15,7.34,0.0,2.522,synthetic,,,,44.202,synthetic,,,4199.631,-47.998,46,true,false
1,3600.0,141,1C,288.78,34.51,0.0,1.246,synthetic,,,,42.438,synthetic,,,4203.309,-48.548,56,true,false
1,3600.0,142,1C,298.09,-33.57,0.0,0.033,synthetic,,,,46.566,synthetic,,,4197.986,-45.517,46,true,false
1,3600.0,143,1B,312.9,167.9,0.0,1.553,synthetic,,,,46.588,synthetic,0.415,synthetic,4201.088,-48.33,14,true,false
1,3600.0,144,1B,313.67,-151.4,0.0,-0.139,synthetic,,,,52.973,synthetic,0.515,synthetic,4188.62,-52.656,55,true,false
1,3600.0,145,1B,314.6,-97.21,0.0,-0.607,synthetic,,,,54.679,synthetic,0.622,synthetic,4193.675,-36.968,78,true,false
1,3600.0,146,1C,321.07,-8.58,0.0,1.429,synthetic,,,,40.128,synthetic,,,4198.552,-36.174,46,true,false
1,3600.0,147,1C,324.91,-35.74,0.0,-0.839,synthetic,,,,38.022,synthetic,,,4194.068,-45.66,46,true,false
1,3600.0,148,1B,332.91,121.76,0.0,0.388,synthetic,,,,47.691,synthetic,0.895,synthetic,4196.728,-46.129,14,true,false
1,3600.0,149,1C,351.05,-3.47,0.0,-0.944,synthetic,,,,42.045,synthetic,,,4188.504,-49.037,46,true,false
1,3600.0,150,1B,361.75,-121.5,0.0,-0.608,synthetic,,,,51.725,synthetic,0.403,synthetic,4202.24,-50.945,78,true,false
1,3600.0,151,1C,375.54,-32.69,0.0,-0.569,synthetic,,,,42.175,synthetic,,,4207.436,-45.796,4,true,false
1,3600.0,152,1B,377.82,97.32,0.0,2.207,synthetic,,,,56.837,synthetic,0.571,synthetic,4204.126,-52.963,14,true,false
1,3600.0,153,1B,387.75,47.97,0.0,0.617,synthetic,,,,53.239,synthetic,0.276,synthetic,4209.233,-52.795,4,true,false
1,3600.0,154,1B,388.32,148.81,0.0,0.36,synthetic,,,,53.249,synthetic,0.403,synthetic,4200.93,-50.337,14,true,false
1,3600.0,155,1C,400.2,-23.78,0.0,1.46,synthetic,,,,39.892,synthetic,,,4206.84,-39.971,4,true,false
1,3600.0,156,1B,403.52,-162.55,0.0,1.214,synthetic,,,,49.194,synthetic,0.454,synthetic,4201.815,-54.844,30,true,false
1,3600.0,157,1B,412.17,-98.3,0.0,0.765,synthetic,,,,47.595,synthetic,0.384,synthetic,4189.68,-43.894,30,true,false
1,3600.0,158,1C,426.17,-35.12,0.0,1.85,synthetic,,,,42.696,synthetic,,,4199.533,-49.33,4,true,false
1,3600.0,159,1B,430.32,112.04,0.0,-2.339,synthetic,,,,52.239,synthetic,0.441,synthetic,4199.172,-53.266,5,true,false
1,3600.0,160,1C,453.5,-26.22,0.0,-2.574,synthetic,,,,43.571,synthetic,,,4204.065,-53.069,4,true,false
1,3600.0,161,1C,461.35,36.95,0.0,2.558,synthetic,,,,44.226,synthetic,,,4200.883,-53.372,27,true,false
1,3600.0,162,1B,466.57,157.87,0.0,-0.6,synthetic,,,,48.379,synthetic,0.372,synthetic,4200.045,-42.826,5,true,false
1,3600.0,163,1B,473.21,-128.21,0.0,-1.538,synthetic,,,,50.837,synthetic,0.772,synthetic,4207.675,-47.006,74,true,false
1,3600.0,164,1B,490.13,102.6,0.0,0.864,synthetic,,,,51.732,synthetic,0.682,synthetic,4198.135,-50.422,5,true,false
1,3600.0,165,1B,493.58,-56.84,0.0,-0.726,synthetic,,,,47.951,synthetic,0.729,synthetic,4200.734,-54.115,30,true,false
1,3600.0,166,1C,494.56,30.34,0.0,1.025,synthetic,,,,40.877,synthetic,,,4202.791,-47.004,27,true,false
1,3600.0,167,1B,519.19,-159.6,0.0,0.318,synthetic,,,,48.549,synthetic,0.998,synthetic,4200.658,-57.983,30,true,true
1,3600.0,168,1B,524.39,164.3,0.0,2.919,synthetic,,,,45.679,synthetic,0.324,synthetic,4202.473,-50.18,5,true,false
1,3600.0,169,1B,527.06,-107.96,0.0,1.433,synthetic,,,,43.655,synthetic,0.817,synthetic,4198.317,-52.125,74,true,false
1,3600.0,170,1C,533.82,33.85,0.0,1.743,synthetic,,,,46.179,synthetic,,,4204.409,-42.915,27,true,false
1,3600.0,171,1C,543.39,8.98,0.0,-0.523,synthetic,,,,38.851,synthetic,,,4198.452,-44.175,27,true,false
1,3600.0,172,1B,567.77,132.93,0.0,-1.148,synthetic,,,,56.795,synthetic,0.661,synthetic,4203.87,-53.28,52,true,false
1,3600.0,173,1B,570.52,-157.65,0.0,0.329,synthetic,,,,48.566,synthetic,0.397,synthetic,4206.216,-55.012,74,true,false
1,3600.0,174,1C,579.64,19.77,0.0,-1.736,synthetic,,,,38.995,synthetic,,,4199.656,-52.273,27,true,false
1,3600.0,175,1C,582.16,-6.58,0.0,-0.566,synthetic,,,,42.91,synthetic,,,4202.242,-47.036,13,true,false
1,3600.0,176,1C,591.22,-30.21,0.0,1.278,synthetic,,,,39.544,synthetic,,,4196.608,-58.78,52,true,false
1,3600.0,177,1C,602.9,37.9,0.0,-0.945,synthetic,,,,44.494,synthetic,,,4204.302,-51.34,52,true,false
1,3600.0,178,1B,609.16,97.68,0.0,1.873,synthetic,,,,54.288,synthetic,0.451,synthetic,4201.346,-37.59,52,true,false
1,3600.0,179,1C,614.22,6.13,0.0,0.501,synthetic,,,,34.884,synthetic,,,4194.567,-35.609,13,true,false
1,3600.0,180,1C,623.67,-28.21,0.0,-0.018,synthetic,,,,41.969,synthetic,,,4198.239,-46.209,13,true,false
1,3600.0,181,1C,632.11,27.64,0.0,-0.848,synthetic,,,,41.245,synthetic,,,4200.542,-48.172,13,true,false
1,3600.0,182,1B,637.24,-164.48,0.0,1.439,synthetic,,,,62.475,synthetic,0.433,synthetic,4193.187,-57.02,21,true,false
1,3600.0,183,1C,639.24,-8.32,0.0,1.461,synthetic,,,,36.821,synthetic,,,4202.543,-45.838,13,true,false
1,3600.0,184,1B,654.17,147.04,0.0,2.58,synthetic,,,,46.12,synthetic,0.624,synthetic,4192.628,-42.65,23,true,false
1,3600.0,185,1C,664.68,35.7,0.0,0.869,synthetic,,,,39.104,synthetic,,,4214.335,-42.464,38,true,false
1,3600.0,186,1C,673.09,-30.49,0.0,1.428,synthetic,,,,42.722,synthetic,,,4199.962,-53.979,38,true,false
1,3600.0,187,1C,678.84,9.5,0.0,-0.618,synthetic,,,,37.422,synthetic,,,4196.958,-46.345,38,true,false
1,3600.0,188,1B,698.54,115.59,0.0,0.154,synthetic,,,,44.684,synthetic,0.816,synthetic,4202.75,-49.498,23,true,false
1,3600.0,189,1C,699.11,37.24,0.0,0.192,synthetic,,,,45.268,synthetic,,,4197.876,-41.393,38,true,false
1,3600.0,190,1C,702.78,-28.41,0.0,1.461,synthetic,,,,42.195,synthetic,,,4201.918,-54.62,21,true,false
1,3600.0,191,1C,704.74,0.04,0.0,1.765,synthetic,,,,38.39,synthetic,,,4201.352,-50.002,38,true,false
1,3600.0,192,1C,728.22,20.39,0.0,-0.417,synthetic,,,,39.508,synthetic,,,4201.313,-47.663,62,true,false
1,3600.0,193,1B,729.06,-102.41,0.0,0.242,synthetic,,,,45.768,synthetic,0.681,synthetic,4201.156,-41.361,21,true,false
1,3600.0,194,1C,729.62,-25.15,0.0,1.266,synthetic,,,,36.041,synthetic,,,4197.749,-47.497,62,true,false
1,3600.0,195,1B,730.56,154.01,0.0,1.959,synthetic,,,,48.801,synthetic,0.766,synthetic,4187.535,-52.456,23,true,false
1,3600.0,196,1C,752.8,14.26,0.0,-1.799,synthetic,,,,40.717,synthetic,,,4196.903,-41.466,62,true,false
1,3600.0,197,1C,752.9,-12.1,0.0,-1.468,synthetic,,,,37.551,synthetic,,,4199.164,-37.19,62,true,false
1,3600.0,198,1A,757.57,-201.71,0.0,-2.002,synthetic,1238.391,1404.187,synthetic,,,,,4197.889,-57.467,69,true,false
1,3600.0,199,1C,767.11,-34.88,0.0,1.004,synthetic,,,,40.183,synthetic,,,4200.566,-50.309,67,true,false
1,3600.0,200,1C,775.4,32.83,0.0,-2.525,synthetic,,,,38.04,synthetic,,,4199.658,-51.235,77,true,false
1,3600.0,201,1C,779.39,5.89,0.0,0.315,synthetic,,,,42.213,synthetic,,,4203.801,-46.03,62,true,false
1,3600.0,202,1B,786.1,127.19,0.0,2.531,synthetic,,,,51.187,synthetic,0.653,synthetic,4202.138,-48.509,16,true,false
1,3600.0,203,1C,803.44,34.49,0.0,0.836,synthetic,,,,39.751,synthetic,,,4194.629,-53.663,77,true,false
1,3600.0,204,1C,805.84,-24.52,0.0,1.445,synthetic,,,,40.198,synthetic,,,4195.804,-51.049,67,true,false
1,3600.0,205,1C,808.22,1.59,0.0,0.352,synthetic,,,,40.842,synthetic,,,4205.335,-54.722,67,true,false
1,3600.0,206,1C,830.81,34.38,0.0,2.023,synthetic,,,,46.564,synthetic,,,4206.074,-54.162,42,true,false
1,3600.0,207,1C,832.9,7.9,0.0,-0.707,synthetic,,,,44.956,synthetic,,,4203.781,-46.221,22,true,false
1,3600.0,208,1B,842.78,111.79,0.0,-2.346,synthetic,,,,54.408,synthetic,0.756,synthetic,4198.797,-45.351,16,true,false
1,3600.0,209,1C,845.71,-14.49,0.0,-2.119,synthetic,,,,41.544,synthetic,,,4199.19,-34.78,22,true,false
1,3600.0,210,1B,847.57,-154.02,0.0,-2.155,synthetic,,,,49.972,synthetic,0.616,synthetic,4208.536,-36.908,69,true,false
1,3600.0,211,1C,857.49,-36.91,0.0,-0.834,synthetic,,,,38.054,synthetic,,,4196.759,-45.229,22,true,false
1,3600.0,212,1C,857.76,34.06,0.0,0.098,synthetic,,,,41.26,synthetic,,,4199.683,-50.956,42,true,false
1,3600.0,213,1B,859.15,-104.53,0.0,-0.349,synthetic,,,,48.657,synthetic,0.197,synthetic,4202.369,-52.445,69,true,false
1,3600.0,214,1B,863.4,164.28,0.0,1.83,synthetic,,,,42.127,synthetic,0.218,synthetic,4190.095,-51.909,16,true,false
1,3600.0,215,1C,873.53,-10.14,0.0,2.171,synthetic,,,,46.26,synthetic,,,4194.236,-43.519,22,true,false
1,3600.0,216,1C,878.82,17.38,0.0,2.433,synthetic,,,,40.427,synthetic,,,4189.267,-51.585,42,true,false
1,3600.0,217,1C,885.19,-34.35,0.0,-0.278,synthetic,,,,43.179,synthetic,,,4213.655,-49.059,22,true,false
1,3600.0,218,1B,896.01,-167.21,0.0,0.707,synthetic,,,,40.2,synthetic,0.197,synthetic,4199.081,-49.943,69,true,false
1,3600.0,219,1C,899.44,32.26,0.0,-4.369,synthetic,,,,42.545,synthetic,,,4195.978,-48.373,42,true,false
1,3600.0,220,1B,908.99,127.64,0.0,0.975,synthetic,,,,58.754,synthetic,0.566,synthetic,4203.508,-50.272,66,true,false
1,3600.0,221,1C,913.52,-36.2,0.0,1.472,synthetic,,,,46.091,synthetic,,,4204.584,-49.061,2,true,false
1,3600.0,222,1C,923.23,-2.01,0.0,0.816,synthetic,,,,39.752,synthetic,,,4198.444,-36.899,2,true,false
1,3600.0,223,1C,935.61,27.31,0.0,2.68,synthetic,,,,35.39,synthetic,,,4212.971,-46.597,2,true,false
1,3600.0,224,1C,942.9,-32.1,0.0,-1.77,synthetic,,,,37.559,synthetic,,,4203.769,-47.19,2,true,false
1,3600.0,225,1B,948.65,-122.48,0.0,-0.147,synthetic,,,,47.152,synthetic,0.646,synthetic,4195.554,-54.185,79,true,false
1,3600.0,226,1C,955.46,-0.75,0.0,-0.941,synthetic,,,,40.82,synthetic,,,4194.204,-44.273,2,true,false
1,3600.0,227,1B,958.75,97.15,0.0,1.041,synthetic,,,,50.756,synthetic,0.567,synthetic,4204.38,-49.482,66,true,false
1,3600.0,228,1C,962.9,37.9,0.0,2.32,synthetic,,,,44.012,synthetic,,,4203.134,-49.743,34,true,false
1,3600.0,229,1B,977.65,162.96,0.0,-1.97,synthetic,,,,55.489,synthetic,0.459,synthetic,4195.143,-48.127,66,true,false
1,3600.0,230,1C,988.19,34.67,0.0,2.023,synthetic,,,,43.427,synthetic,,,4204.09,-47.707,34,true,false
1,3600.0,231,1B,988.64,-168.37,0.0,-0.383,synthetic,,,,47.201,synthetic,0.449,synthetic,4205.528,-46.501,79,true,false
1,3600.0,232,1C,994.18,-10.88,0.0,-0.436,synthetic,,,,41.693,synthetic,,,4208.019,-55.12,34,true,false
1,3600.0,233,1B,1010.5,-118.78,0.0,-1.245,synthetic,,,,47.477,synthetic,0.176,synthetic,4205.366,-47.667,79,true,false
1,3600.0,234,1B,1018.69,131.11,0.0,1.842,synthetic,,,,52.905,synthetic,0.943,synthetic,4198.394,-51.459,17,true,false
1,3600.0,235,1C,1024.91,-16.29,0.0,-2.125,synthetic,,,,41.171,synthetic,,,4202.595,-48.553,6,true,false
1,3600.0,236,1C,1031.57,14.58,0.0,-2.616,synthetic,,,,42.205,synthetic,,,4193.976,-44.177,6,true,false
1,3600.0,237,1C,1045.06,36.69,0.0,0.479,synthetic,,,,42.866,synthetic,,,4199.997,-46.686,6,true,false
1,3600.0,238,1B,1046.02,-157.9,0.0,-2.098,synthetic,,,,39.983,synthetic,0.875,synthetic,4197.729,-47.723,79,true,false
1,3600.0,239,1B,1052.9,167.9,0.0,-1.24,synthetic,,,,52.579,synthetic,0.521,synthetic,4204.351,-40.201,17,true,false
1,3600.0,240,1C,1057.94,-28.03,0.0,0.143,synthetic,,,,45.204,synthetic,,,4193.814,-48.384,6,true,false
1,3600.0,241,1C,1066.15,18.03,0.0,-0.802,synthetic,,,,34.505,synthetic,,,4197.166,-41.634,6,true,false
1,3600.0,242,1B,1078.18,102.04,0.0,2.242,synthetic,,,,51.366,synthetic,0.532,synthetic,4200.328,-52.446,17,true,false
1,3600.0,243,1C,1082.9,37.9,0.0,0.448,synthetic,,,,46.107,synthetic,,,4201.892,-56.684,70,true,false
1,3600.0,244,1C,1084.67,-22.04,0.0,-0.259,synthetic,,,,36.751,synthetic,,,4195.649,-51.55,70,true,false
1,3600.0,245,1C,1093.73,12.09,0.0,-3.944,synthetic,,,,40.136,synthetic,,,4200.398,-50.615,11,true,false
1,3600.0,246,1B,1099.99,-117.86,0.0,-0.068,synthetic,,,,42.824,synthetic,0.37,synthetic,4199.138,-51.43,71,true,false
1,3600.0,247,1B,1102.41,158.26,0.0,3.015,synthetic,,,,51.83,synthetic,0.572,synthetic,4200.152,-49.125,17,true,false
1,3600.0,248,1B,1104.5,-167.97,0.0,-1.647,synthetic,,,,61.676,synthetic,0.425,synthetic,4199.703,-50.951,50,true,false
1,3600.0,249,1C,1109.22,33.07,0.0,3.098,synthetic,,,,39.131,synthetic,,,4194.504,-44.855,11,true,false
1,3600.0,250,1C,1125.12,-27.17,0.0,-1.478,synthetic,,,,45.418,synthetic,,,4196.26,-41.715,70,true,false
1,3600.0,251,1C,1125.28,7.37,0.0,-3.53,synthetic,,,,40.176,synthetic,,,4199.415,-47.147,11,true,false
1,3600.0,252,1C,1136.31,32.18,0.0,0.46,synthetic,,,,40.618,synthetic,,,4202.19,-33.659,11,true,false
1,3600.0,253,1C,1152.04,-14.89,0.0,0.33,synthetic,,,,39.506,synthetic,,,4197.318,-47.631,70,true,false
1,3600.0,254,1B,1153.04,-145.92,0.0,-1.507,synthetic,,,,64.085,synthetic,0.751,synthetic,4200.003,-41.37,50,true,false
1,3600.0,255,1B,1156.82,125.38,0.0,-0.673,synthetic,,,,47.05,synthetic,0.286,synthetic,4194.109,-53.745,60,true,false
1,3600.0,256,1C,1167.04,28.33,0.0,-1.176,synthetic,,,,40.978,synthetic,,,4199.654,-48.184,11,true,false
1,3600.0,257,1C,1172.48,-32.12,0.0,0.327,synthetic,,,,45.002,synthetic,,,4196.027,-49.408,70,true,false
1,3600.0,258,1C,1174.55,3.68,0.0,-0.081,synthetic,,,,42.214,synthetic,,,4202.079,-46.418,8,true,false
1,3600.0,259,1C,1193.48,26.67,0.0,-1.878,synthetic,,,,39.84,synthetic,,,4204.899,-46.811,8,true,false
1,3600.0,260,1B,1196.43,-94.69,0.0,2.276,synthetic,,,,48.555,synthetic,0.677,synthetic,4196.759,-53.796,73,true,false
1,3600.0,261,1C,1200.18,-17.2,0.0,-1.524,synthetic,,,,42.105,synthetic,,,4190.548,-40.909,8,true,false
1,3600.0,262,1B,1213.67,129.0,0.0,2.754,synthetic,,,,62.142,synthetic,0.705,synthetic,4196.489,-39.349,60,true,false
1,3600.0,263,1B,1222.26,-146.44,0.0,1.818,synthetic,,,,51.838,synthetic,0.741,synthetic,4202.647,-54.228,50,true,false
1,3600.0,264,1C,1222.9,37.9,0.0,2.602,synthetic,,,,41.499,synthetic,,,4205.324,-57.19,60,true,false
1,3600.0,265,1C,1228.89,12.07,0.0,1.32,synthetic,,,,41.898,synthetic,,,4206.411,-46.617,8,true,false
1,3600.0,266,1C,1237.1,-18.33,0.0,1.283,synthetic,,,,43.901,synthetic,,,4198.992,-48.753,8,true,false
1,3600.0,267,1B,1248.14,-99.01,0.0,1.229,synthetic,,,,48.304,synthetic,0.575,synthetic,4201.788,-44.213,73,true,false
1,3600.0,268,1B,1252.9,97.9,0.0,3.744,synthetic,,,,45.03,synthetic,0.639,synthetic,4203.742,-51.17,60,true,false
1,3600.0,269,1C,1255.39,32.45,0.0,-0.113,synthetic,,,,44.752,synthetic,,,4207.799,-48.524,64,true,false
1,3600.0,270,1B,1259.2,160.18,0.0,-0.072,synthetic,,,,51.924,synthetic,0.445,synthetic,4203.117,-49.777,60,true,false
1,3600.0,271,1C,1267.83,-32.98,0.0,1.689,synthetic,,,,42.128,synthetic,,,4193.391,-49.974,64,true,false
1,3600.0,272,1C,1275.11,4.79,0.0,-0.662,synthetic,,,,35.217,synthetic,,,4205.685,-35.663,64,true,false
1,3600.0,273,1C,1282.81,29.66,0.0,1.924,synthetic,,,,42.251,synthetic,,,4209.291,-43.944,64,true,false
1,3600.0,274,1C,1299.13,-33.78,0.0,-0.588,synthetic,,,,43.536,synthetic,,,4205.479,-52.81,73,true,false
1,3600.0,275,1B,1302.91,-129.73,0.0,-0.912,synthetic,,,,62.193,synthetic,0.885,synthetic,4202.002,-53.067,73,true,false
1,3600.0,276,1C,1304.8,8.14,0.0,-0.478,synthetic,,,,35.784,synthetic,,,4204.256,-44.0,64,true,false
1,3600.0,277,1B,1310.64,121.43,0.0,2.424,synthetic,,,,54.474,synthetic,0.81,synthetic,4209.615,-45.069,82,true,false
1,3600.0,278,1C,1321.72,29.28,0.0,-1.181,synthetic,,,,38.364,synthetic,,,4199.985,-54.234,82,true,false
1,3600.0,279,1C,1335.84,6.03,0.0,-0.685,synthetic,,,,42.96,synthetic,,,4204.782,-56.979,82,true,false
1,3600.0,280,1C,1336.9,-34.96,0.0,-0.133,synthetic,,,,41.6,synthetic,,,4203.061,-56.054,73,true,false
1,3600.0,281,1C,1354.69,-13.53,0.0,2.395,synthetic,,,,46.89,synthetic,,,4201.139,-43.839,54,true,false
1,3600.0,282,1B,1355.19,-99.97,0.0,-3.517,synthetic,,,,44.25,synthetic,0.456,synthetic,4198.268,-48.481,41,true,false
1,3600.0,283,1C,1362.56,23.04,0.0,0.066,synthetic,,,,42.059,synthetic,,,4202.217,-45.876,54,true,false
1,3600.0,284,1B,1364.7,102.79,0.0,-1.789,synthetic,,,,51.385,synthetic,0.365,synthetic,4200.357,-48.33,45,true,false
1,3600.0,285,1B,1376.53,155.34,0.0,-1.678,synthetic,,,,43.176,synthetic,0.538,synthetic,4194.344,-42.205,45,true,false
1,3600.0,286,1B,1377.84,-146.18,0.0,0.884,synthetic,,,,59.028,synthetic,0.908,synthetic,4191.622,-40.667,41,true,false
1,3600.0,287,1C,1381.23,-18.57,0.0,-2.059,synthetic,,,,41.723,synthetic,,,4202.712,-42.513,54,true,false
1,3600.0,288,1C,1385.75,6.11,0.0,0.572,synthetic,,,,38.607,synthetic,,,4203.286,-40.855,54,true,false
1,3600.0,289,1C,1393.08,33.29,0.0,-1.14,synthetic,,,,43.035,synthetic,,,4198.083,-57.624,29,true,false
1,3600.0,290,1C,1409.58,-2.85,0.0,1.906,synthetic,,,,42.964,synthetic,,,4191.974,-48.481,54,true,false
1,3600.0,291,1B,1413.74,-102.12,0.0,2.947,synthetic,,,,57.039,synthetic,0.201,synthetic,4199.416,-51.284,41,true,false
1,3600.0,292,1C,1422.92,-32.73,0.0,0.525,synthetic,,,,41.587,synthetic,,,4199.186,-49.831,7,true,false
1,3600.0,293,1B,1425.3,111.38,0.0,1.769,synthetic,,,,53.056,synthetic,0.779,synthetic,4196.85,-52.567,45,true,false
1,3600.0,294,1C,1431.43,16.4,0.0,2.689,synthetic,,,,38.165,synthetic,,,4191.593,-46.239,7,true,false
1,3600.0,295,1B,1450.73,156.56,0.0,-0.598,synthetic,,,,55.107,synthetic,0.248,synthetic,4200.646,-54.786,29,true,false
1,3600.0,296,1C,1456.31,-23.51,0.0,-2.135,synthetic,,,,43.069,synthetic,,,4201.22,-43.911,7,true,false
1,3600.0,297,1C,1461.57,24.85,0.0,-0.606,synthetic,,,,35.63,synthetic,,,4200.842,-46.229,7,true,false
1,3600.0,298,1B,1462.34,-124.3,0.0,-0.362,synthetic,,,,49.778,synthetic,0.457,synthetic,4200.847,-51.774,75,true,false
1,3600.0,299,1C,1484.78,-0.96,0.0,0.639,synthetic,,,,46.555,synthetic,,,4196.23,-47.266,7,true,false
1,3600.0,300,1C,1495.69,28.27,0.0,1.843,synthetic,,,,39.609,synthetic,,,4204.446,-52.895,29,true,false
1,3600.0,301,1B,1497.7,130.41,0.0,1.068,synthetic,,,,48.391,synthetic,0.868,synthetic,4201.163,-50.257,29,true,false
1,3600.0,302,1C,1500.69,-29.81,0.0,-0.224,synthetic,,,,36.783,synthetic,,,4198.247,-47.952,49,true,false
1,3600.0,303,1C,1526.46,2.91,0.0,3.693,synthetic,,,,41.477,synthetic,,,4205.313,-50.578,40,true,false
1,3600.0,304,1C,1526.83,-32.25,0.0,0.554,synthetic,,,,41.65,synthetic,,,4207.784,-47.545,49,true,false
1,3600.0,305,1C,1533.1,33.06,0.0,0.573,synthetic,,,,44.178,synthetic,,,4207.461,-54.616,29,true,false
1,3600.0,306,1B,1533.83,-145.45,0.0,0.843,synthetic,,,,57.109,synthetic,0.557,synthetic,4198.121,-43.716,75,true,false
1,3600.0,307,1B,1547.05,169.12,0.0,0.621,synthetic,,,,53.197,synthetic,0.6,synthetic,4198.022,-51.26,58,true,false
1,3600.0,308,1C,1551.72,-11.98,0.0,-0.784,synthetic,,,,41.151,synthetic,,,4193.56,-44.564,40,true,false
1,3600.0,309,1C,1571.84,19.49,0.0,0.322,synthetic,,,,39.468,synthetic,,,4202.627,-43.886,40,true,false
1,3600.0,310,1B,1572.91,95.79,0.0,1.848,synthetic,,,,58.699,synthetic,0.558,synthetic,4202.688,-52.125,58,true,false
1,3600.0,311,1B,1580.98,-97.75,0.0,-1.459,synthetic,,,,55.091,synthetic,0.571,synthetic,4200.434,-52.901,20,true,false
1,3600.0,312,1C,1590.09,-17.14,0.0,-0.345,synthetic,,,,40.94,synthetic,,,4206.395,-44.365,40,true,false
1,3600.0,313,1B,1590.73,144.4,0.0,-0.039,synthetic,,,,43.505,synthetic,0.552,synthetic,4191.919,-29.484,58,true,false
1,3600.0,314,1C,1602.9,7.9,0.0,-3.396,synthetic,,,,42.029,synthetic,,,4195.66,-47.19,40,true,false
1,3600.0,315,1C,1607.12,34.9,0.0,0.553,synthetic,,,,33.833,synthetic,,,4203.185,-57.879,43,true,false
1,3600.0,316,1B,1608.07,-152.07,0.0,-0.635,synthetic,,,,47.547,synthetic,0.587,synthetic,4202.191,-42.233,20,true,false
1,3600.0,317,1C,1628.55,16.56,0.0,-1.301,synthetic,,,,39.468,synthetic,,,4192.995,-46.927,35,true,false
1,3600.0,318,1B,1628.82,110.63,0.0,0.703,synthetic,,,,46.339,synthetic,0.476,synthetic,4199.926,-51.471,58,true,false
1,3600.0,319,1C,1631.15,-22.71,0.0,-0.21,synthetic,,,,41.079,synthetic,,,4205.276,-46.722,35,true,false
1,3600.0,320,1B,1633.13,-99.86,0.0,-0.442,synthetic,,,,44.583,synthetic,0.552,synthetic,4187.197,-49.952,20,true,false
1,3600.0,321,1C,1653.24,29.24,0.0,1.234,synthetic,,,,44.931,synthetic,,,4200.44,-47.113,35,true,false
1,3600.0,322,1B,1658.82,-151.63,0.0,0.323,synthetic,,,,48.673,synthetic,0.713,synthetic,4197.91,-48.593,20,true,false
1,3600.0,323,1C,1659.85,-32.07,0.0,-0.329,synthetic,,,,42.6,synthetic,,,4203.725,-46.952,35,true,false
1,3600.0,324,1C,1673.72,0.86,0.0,0.126,synthetic,,,,47.645,synthetic,,,4198.442,-43.647,35,true,false
1,3600.0,325,1B,1680.03,150.81,0.0,-0.688,synthetic,,,,53.73,synthetic,0.701,synthetic,4196.112,-53.169,18,true,false
1,3600.0,326,1C,1681.17,28.25,0.0,-0.926,synthetic,,,,37.918,synthetic,,,4190.316,-49.946,43,true,false
1,3600.0,327,1B,1694.49,95.62,0.0,1.438,synthetic,,,,46.941,synthetic,0.513,synthetic,4203.459,-49.65,43,true,false
1,3600.0,328,1B,1704.98,-110.59,0.0,-1.411,synthetic,,,,46.237,synthetic,0.339,synthetic,4196.524,-49.709,81,true,false
1,3600.0,329,1C,1713.05,-24.18,0.0,-0.249,synthetic,,,,46.474,synthetic,,,4197.365,-48.768,47,true,false
1,3600.0,330,1C,1716.95,19.41,0.0,-1.196,synthetic,,,,43.806,synthetic,,,4199.3,-48.945,43,true,false
1,3600.0,331,1C,1730.01,-4.44,0.0,3.47,synthetic,,,,41.306,synthetic,,,4191.193,-52.774,47,true,false
1,3600.0,332,1B,1739.56,-146.73,0.0,-0.798,synthetic,,,,46.442,synthetic,0.512,synthetic,4203.681,-45.88,81,true,false
1,3600.0,333,1C,1744.8,-29.88,0.0,1.403,synthetic,,,,46.32,synthetic,,,4209.617,-49.125,28,true,false
1,3600.0,334,1B,1750.53,131.11,0.0,-0.446,synthetic,,,,49.106,synthetic,0.685,synthetic,4200.718,-42.507,18,true,false
1,3600.0,335,1C,1759.19,30.97,0.0,0.725,synthetic,,,,41.73,synthetic,,,4194.795,-48.268,28,true,false
1,3600.0,336,1B,1770.64,-106.88,0.0,0.197,synthetic,,,,57.772,synthetic,0.317,synthetic,4196.448,-54.465,47,true,false
1,3600.0,337,1C,1773.13,-29.12,0.0,0.687,synthetic,,,,42.167,synthetic,,,4202.11,-45.824,28,true,false
1,3600.0,338,1C,1777.8,12.47,0.0,0.993,synthetic,,,,45.318,synthetic,,,4190.441,-40.925,28,true,false
1,3600.0,339,1C,1794.16,-13.99,0.0,0.75,synthetic,,,,41.229,synthetic,,,4201.033,-44.924,28,true,false
1,3600.0,340,1B,1795.46,159.03,0.0,0.447,synthetic,,,,43.656,synthetic,0.694,synthetic,4197.9,-51.794,18,true,false
1,3600.0,341,1B,1795.5,-150.53,0.0,0.777,synthetic,,,,46.06,synthetic,0.661,synthetic,4190.052,-52.461,9,true,false
1,3600.0,342,1C,1802.31,34.05,0.0,4.134,synthetic,,,,37.977,synthetic,,,4208.796,-56.517,43,true,false
1,3600.0,343,1B,1820.97,-97.24,0.0,-0.738,synthetic,,,,56.891,synthetic,0.51,synthetic,4202.965,-52.008,9,true,false
1,3600.0,344,1C,1826.99,13.02,0.0,-0.852,synthetic,,,,40.125,synthetic,,,4195.05,-46.733,12,true,false
1,3600.0,345,1B,1827.74,119.3,0.0,0.924,synthetic,,,,53.465,synthetic,0.679,synthetic,4198.315,-52.632,15,true,false
1,3600.0,346,1C,1830.07,-15.83,0.0,1.488,synthetic,,,,37.547,synthetic,,,4193.377,-45.701,12,true,false
1,3600.0,347,1C,1845.99,32.72,0.0,-1.242,synthetic,,,,41.569,synthetic,,,4198.187,-48.195,12,true,false
1,3600.0,348,1B,1856.12,-141.36,0.0,-4.397,synthetic,,,,55.766,synthetic,0.755,synthetic,4202.772,-27.571,9,true,false
1,3600.0,349,1C,1869.32,-30.32,0.0,-2.595,synthetic,,,,42.513,synthetic,,,4199.526,-47.468,12,true,false
1,3600.0,350,1C,1873.83,4.54,0.0,-1.544,synthetic,,,,42.096,synthetic,,,4204.71,-44.022,12,true,false
1,3600.0,351,1C,1874.72,36.97,0.0,1.893,synthetic,,,,46.008,synthetic,,,4201.594,-52.965,15,true,false
1,3600.0,352,1B,1875.9,105.37,0.0,1.63,synthetic,,,,51.163,synthetic,0.425,synthetic,4201.631,-37.394,15,true,false
1,3600.0,353,1B,1892.91,159.82,0.0,-0.498,synthetic,,,,49.852,synthetic,0.561,synthetic,4200.195,-53.139,15,true,false
1,3600.0,354,1C,1898.91,-29.31,0.0,-1.855,synthetic,,,,40.42,synthetic,,,4197.887,-58.904,9,true,false
1,3600.0,355,1C,1899.09,-2.93,0.0,0.865,synthetic,,,,40.77,synthetic,,,4202.317,-47.774,25,true,false
1,3600.0,356,1B,1905.42,-115.72,0.0,-0.536,synthetic,,,,42.631,synthetic,0.585,synthetic,4193.824,-52.574,9,true,false
1,3600.0,357,1C,1919.65,29.4,0.0,2.608,synthetic,,,,42.295,synthetic,,,4211.382,-47.864,25,true,false
1,3600.0,358,1C,1924.04,-25.63,0.0,1.742,synthetic,,,,41.782,synthetic,,,4194.619,-45.199,25,true,false
1,3600.0,359,1C,1928.43,4.76,0.0,-2.041,synthetic,,,,35.886,synthetic,,,4201.58,-35.454,25,true,false
1,3600.0,360,1B,1933.44,-159.8,0.0,-0.454,synthetic,,,,57.252,synthetic,0.641,synthetic,4196.946,-52.747,19,true,false
1,3600.0,361,1B,1939.56,113.55,0.0,-0.794,synthetic,,,,58.471,synthetic,0.478,synthetic,4189.17,-51.19,63,true,false
1,3600.0,362,1B,1948.84,165.03,0.0,2.81,synthetic,,,,41.024,synthetic,0.709,synthetic,4203.984,-41.144,63,true,false
1,3600.0,363,1C,1955.23,-20.55,0.0,1.261,synthetic,,,,39.398,synthetic,,,4191.94,-46.428,25,true,false
1,3600.0,364,1C,1960.07,25.03,0.0,0.9,synthetic,,,,39.135,synthetic,,,4206.98,-50.206,72,true,false
1,3600.0,365,1C,1982.78,-22.8,0.0,-0.57,synthetic,,,,41.664,synthetic,,,4208.829,-48.447,53,true,false
1,3600.0,366,1B,1986.69,-150.02,0.0,-2.8,synthetic,,,,50.954,synthetic,0.602,synthetic,4198.073,-33.514,19,true,false
1,3600.0,367,1B,1994.36,-99.5,0.0,-0.966,synthetic,,,,52.177,synthetic,0.507,synthetic,4199.375,-51.613,19,true,false
1,3600.0,368,1C,1998.76,15.59,0.0,2.714,synthetic,,,,43.877,synthetic,,,4201.315,-44.29,53,true,false
1,3600.0,369,1C,2006.82,-31.12,0.0,2.268,synthetic,,,,42.534,synthetic,,,4200.786,-46.631,53,true,false
1,3600.0,370,1B,2010.5,153.17,0.0,-0.739,synthetic,,,,47.75,synthetic,0.38,synthetic,4199.468,-50.785,63,true,false
1,3600.0,371,1B,2011.58,96.4,0.0,0.839,synthetic,,,,46.937,synthetic,0.655,synthetic,4206.822,-50.823,72,true,false
1,3600.0,372,1C,2030.78,11.44,0.0,0.346,synthetic,,,,41.53,synthetic,,,4211.863,-44.206,53,true,false
1,3600.0,373,1C,2032.55,-23.7,0.0,-0.288,synthetic,,,,34.046,synthetic,,,4194.637,-46.498,53,true,false
1,3600.0,374,1B,2047.47,-129.32,0.0,0.244,synthetic,,,,48.199,synthetic,0.439,synthetic,4201.0,-52.627,19,true,false
1,3600.0,375,1C,2047.82,31.41,0.0,0.435,synthetic,,,,40.316,synthetic,,,4202.686,-50.887,53,true,true
1,3600.0,376,1C,2061.26,9.74,0.0,0.044,synthetic,,,,40.936,synthetic,,,4205.697,-47.764,26,true,false
1,3600.0,377,1B,2062.9,97.9,0.0,-1.487,synthetic,,,,48.956,synthetic,0.568,synthetic,4202.615,-47.19,57,true,false
1,3600.0,378,1B,2063.59,167.98,0.0,3.28,synthetic,,,,40.698,synthetic,0.544,synthetic,4200.014,-55.247,1,true,false
1,3600.0,379,1C,2070.0,-24.49,0.0,-1.225,synthetic,,,,42.106,synthetic,,,4192.462,-47.301,26,true,false
1,3600.0,380,1C,2078.57,32.64,0.0,-0.502,synthetic,,,,38.884,synthetic,,,4201.825,-48.689,26,true,false
1,3600.0,381,1B,2095.16,-97.34,0.0,-1.078,synthetic,,,,46.907,synthetic,1.262,synthetic,4199.431,-54.464,65,true,false
1,3600.0,382,1C,2101.05,-34.16,0.0,1.823,synthetic,,,,41.217,synthetic,,,4200.236,-47.582,26,true,false
1,3600.0,383,1C,2102.53,3.4,0.0,-0.239,synthetic,,,,42.271,synthetic,,,4196.657,-38.089,26,true,false
1,3600.0,384,1B,2107.84,127.75,0.0,1.915,synthetic,,,,59.19,synthetic,0.786,synthetic,4197.805,-50.491,1,true,false
1,3600.0,385,1C,2115.84,35.72,0.0,-0.631,synthetic,,,,38.724,synthetic,,,4196.464,-54.177,57,true,false
1,3600.0,386,1B,2121.77,-161.42,0.0,-0.404,synthetic,,,,47.595,synthetic,0.619,synthetic,4207.691,-48.469,65,true,false
1,3600.0,387,1C,2131.9,-32.5,0.0,0.202,synthetic,,,,38.935,synthetic,,,4202.737,-58.143,65,true,false
1,3600.0,388,1C,2140.94,12.41,0.0,0.549,synthetic,,,,41.97,synthetic,,,4204.597,-48.096,48,true,false
1,3600.0,389,1C,2159.62,-12.24,0.0,1.881,synthetic,,,,43.587,synthetic,,,4203.194,-41.649,48,true,false
1,3600.0,390,1B,2176.15,-100.12,0.0,-0.393,synthetic,,,,61.1,synthetic,0.733,synthetic,4196.685,-50.813,65,true,false
1,3600.0,391,1C,2179.48,8.25,0.0,-1.713,synthetic,,,,32.406,synthetic,,,4204.65,-38.963,48,true,false
1,3600.0,392,1B,2180.05,163.71,0.0,-0.358,synthetic,,,,52.648,synthetic,0.542,synthetic,4199.351,-48.694,1,true,false
1,3600.0,393,1C,2184.2,33.39,0.0,-0.03,synthetic,,,,42.215,synthetic,,,4203.84,-48.612,48,true,false
1,3600.0,394,1B,2185.1,-150.65,0.0,-2.352,synthetic,,,,47.722,synthetic,0.618,synthetic,4200.423,-47.643,65,true,false
1,3600.0,395,1B,2192.32,112.05,0.0,-2.976,synthetic,,,,48.778,synthetic,0.722,synthetic,4203.998,-53.765,1,true,false
1,3600.0,396,1C,2201.13,-26.7,0.0,1.195,synthetic,,,,38.101,synthetic,,,4197.201,-48.658,48,true,false
1,3600.0,397,1C,2216.58,27.25,0.0,4.625,synthetic,,,,39.729,synthetic,,,4200.418,-60.712,1,true,false
1,3600.0,398,1C,2218.09,0.35,0.0,1.975,synthetic,,,,43.248,synthetic,,,4194.161,-53.737,61,true,false
1,3600.0,399,1C,2226.97,-30.42,0.0,-1.255,synthetic,,,,40.699,synthetic,,,4197.906,-48.185,61,true,false
1,3600.0,400,1B,2234.61,-100.83,0.0,3.738,synthetic,,,,40.573,synthetic,0.536,synthetic,4207.953,-49.146,61,true,false
1,3600.0,401,1B,2247.65,161.19,0.0,-1.854,synthetic,,,,44.415,synthetic,0.674,synthetic,4194.114,-50.662,31,true,false
1,3600.0,402,1C,2251.08,12.88,0.0,-0.379,synthetic,,,,32.098,synthetic,,,4188.818,-54.741,61,true,false
1,3600.0,403,1B,2255.52,102.13,0.0,0.266,synthetic,,,,47.725,synthetic,0.8,synthetic,4189.701,-52.621,31,true,false
1,3600.0,404,1C,2261.48,-31.21,0.0,-2.851,synthetic,,,,41.931,synthetic,,,4194.035,-48.328,61,true,false
1,3600.0,405,1B,2273.32,-145.62,0.0,0.801,synthetic,,,,47.567,synthetic,0.823,synthetic,4197.703,-28.183,80,true,false
1,3600.0,406,1C,2273.87,2.21,0.0,0.086,synthetic,,,,40.659,synthetic,,,4197.004,-43.151,3,true,false
1,3600.0,407,1C,2289.77,32.74,0.0,1.21,synthetic,,,,41.066,synthetic,,,4197.937,-45.162,3,true,false
1,3600.0,408,1C,2291.99,-22.32,0.0,0.159,synthetic,,,,44.613,synthetic,,,4202.343,-46.8,3,true,false
1,3600.0,409,1C,2303.75,4.97,0.0,0.243,synthetic,,,,33.71,synthetic,,,4203.977,-38.205,3,true,false
1,3600.0,410,1B,2310.97,108.21,0.0,-0.939,synthetic,,,,56.699,synthetic,0.423,synthetic,4204.203,-49.982,31,true,false
1,3600.0,411,1B,2319.42,-109.68,0.0,-0.744,synthetic,,,,48.499,synthetic,0.776,synthetic,4205.468,-50.559,24,true,false
1,3600.0,412,1C,2324.26,-9.8,0.0,-1.003,synthetic,,,,41.553,synthetic,,,4192.408,-51.038,33,true,false
1,3600.0,413,1C,2326.77,18.87,0.0,-0.086,synthetic,,,,40.268,synthetic,,,4196.409,-48.22,3,true,false
1,3600.0,414,1B,2332.07,154.58,0.0,-0.65,synthetic,,,,41.625,synthetic,0.666,synthetic,4194.69,-49.174,31,true,false
1,3600.0,415,1C,2352.9,27.9,0.0,0.976,synthetic,,,,42.622,synthetic,,,4203.945,-48.33,33,true,false
1,3600.0,416,1B,2357.92,-150.78,0.0,1.094,synthetic,,,,50.117,synthetic,0.459,synthetic,4203.229,-37.214,24,true,false
1,3600.0,417,1B,2362.71,114.64,0.0,2.585,synthetic,,,,50.704,synthetic,0.571,synthetic,4206.07,-54.957,31,true,false
1,3600.0,418,1C,2363.86,-21.58,0.0,0.174,synthetic,,,,41.208,synthetic,,,4200.888,-43.829,33,true,false
1,3600.0,419,1C,2371.86,6.17,0.0,-1.337,synthetic,,,,40.77,synthetic,,,4201.919,-35.609,33,true,false
1,3600.0,420,1B,2399.33,-121.72,0.0,2.759,synthetic,,,,47.36,synthetic,0.445,synthetic,4197.796,-51.292,24,true,false
1,3600.0,421,1B,2415.4,-42.86,0.0,0.739,synthetic,,,,48.977,synthetic,0.272,synthetic,4199.319,-50.942,51,true,false
1,3600.0,422,1B,2443.75,22.16,0.0,-0.855,synthetic,,,,41.949,synthetic,0.599,synthetic,4200.906,-52.39,51,true,false
1,3600.0,423,1A,2461.99,158.31,0.0,-0.657,synthetic,1235.326,1194.543,synthetic,,,,,4204.722,-56.541,44,true,false
1,3600.0,424,1B,2495.21,-8.23,0.0,-0.931,synthetic,,,,58.909,synthetic,0.521,synthetic,4192.709,-49.269,51,true,false
1,3600.0,425,1A,2501.81,-115.56,0.0,0.112,synthetic,1278.358,1331.63,synthetic,,,,,4205.403,-56.474,51,true,false
1,3600.0,426,1A,2551.52,87.31,0.0,1.537,synthetic,1155.616,1300.318,synthetic,,,,,4198.867,-54.254,44,true,false
2,7200.0,100,1A,-13.29,145.48,0.0,3.02,synthetic,2353.081,1973.643,synthetic,,,,,4208.142,-59.97,32,true,false
2,7200.0,101,1A,-6.19,-117.25,0.0,-0.691,synthetic,1958.514,1964.837,synthetic,,,,,4208.857,-59.139,32,true,false
2,7200.0,102,1B,10.76,5.93,0.0,-1.638,synthetic,,,,86.455,synthetic,0.885,synthetic,4196.61,-42.281,32,true,false
2,7200.0,103,1B,52.78,-34.48,0.0,1.907,synthetic,,,,82.224,synthetic,0.804,synthetic,4198.331,-48.814,36,true,false
2,7200.0,104,1C,94.17,4.32,0.0,0.036,synthetic,,,,71.655,synthetic,,,4197.425,-44.124,36,true,false
2,7200.0,105,1B,102.12,-142.73,0.0,1.174,synthetic,,,,73.537,synthetic,0.54,synthetic,4207.993,-49.623,37,true,false
2,7200.0,106,1C,114.25,-15.88,0.0,-0.969,synthetic,,,,72.749,synthetic,,,4198.254,-49.977,36,true,false
2,7200.0,107,1B,115.13,127.21,0.0,2.258,synthetic,,,,87.969,synthetic,0.472,synthetic,4199.394,-55.266,76,true,false
2,7200.0,108,1C,126.81,6.98,0.0,-2.347,synthetic,,,,71.794,synthetic,,,4197.022,-46.016,10,true,false
2,7200.0,109,1C,131.69,31.8,0.0,-0.109,synthetic,,,,74.338,synthetic,,,4199.613,-53.823,36,true,false
2,7200.0,110,1C,150.17,-28.07,0.0,0.626,synthetic,,,,68.311,synthetic,,,4197.727,-45.528,10,true,false
2,7200.0,111,1C,150.57,-1.71,0.0,0.753,synthetic,,,,63.59,synthetic,,,4200.164,-24.657,10,true,false
2,7200.0,112,1B,154.36,-151.04,0.0,-0.099,synthetic,,,,73.216,synthetic,0.648,synthetic,4202.102,-38.411,37,true,false
2,7200.0,113,1C,161.87,26.92,0.0,-0.196,synthetic,,,,68.52,synthetic,,,4203.95,-46.841,10,true,false
2,7200.0,114,1B,172.22,-96.29,0.0,-3.203,synthetic,,,,76.305,synthetic,0.355,synthetic,4186.792,-53.183,37,true,false
2,7200.0,115,1C,178.03,-29.46,0.0,-0.334,synthetic,,,,71.198,synthetic,,,4200.468,-57.91,36,true,false
2,7200.0,116,1C,180.68,7.0,0.0,0.871,synthetic,,,,61.222,synthetic,,,4204.346,-46.508,10,true,false
2,7200.0,117,1B,192.21,137.4,0.0,-1.833,synthetic,,,,73.332,synthetic,0.763,synthetic,4196.918,-46.589,76,true,false
2,7200.0,118,1C,197.73,26.63,0.0,1.753,synthetic,,,,71.421,synthetic,,,4196.871,-55.404,76,true,false
2,7200.0,119,1C,201.84,-12.84,0.0,-0.393,synthetic,,,,68.21,synthetic,,,4199.457,-47.525,39,true,false
2,7200.0,120,1B,203.6,-168.65,0.0,-0.174,synthetic,,,,82.367,synthetic,0.731,synthetic,4197.813,-52.869,55,true,false
2,7200.0,121,1C,229.26,-15.84,0.0,-0.575,synthetic,,,,69.697,synthetic,,,4199.392,-40.245,39,true,false
2,7200.0,122,1C,233.7,20.32,0.0,1.762,synthetic,,,,75.931,synthetic,,,4201.572,-44.209,39,true,false
2,7200.0,123,1A,258.0,-203.37,0.0,-0.03,pinned,1960.174,2023.206,synthetic,,,,,4201.157,-43.97,55,true,false
2,7200.0,124,1A,258.0,-173.77,0.0,0.106,pinned,2019.861,2068.815,synthetic,,,,,4201.77,-36.894,55,true,false
2,7200.0,125,1B,258.0,-153.57,0.0,-0.957,pinned,,,,80.997,synthetic,0.853,synthetic,4194.692,-46.423,55,true,false
2,7200.0,126,1B,258.0,-133.57,0.0,0.207,pinned,,,,81.472,synthetic,0.398,synthetic,4202.996,-48.048,68,true,false
2,7200.0,127,1B,258.0,-113.57,0.0,1.247,pinned,,,,76.683,synthetic,0.682,synthetic,4202.942,-42.748,68,true,false
2,7200.0,128,1A,258.0,-93.37,0.0,-1.271,pinned,1847.349,2063.565,synthetic,,,,,4198.056,-42.022,68,true,false
2,7200.0,129,1A,258.0,-73.37,0.0,-3.418,pinned,2053.545,1931.479,synthetic,,,,,4200.21,-47.416,68,true,false
2,7200.0,130,1B,258.0,-43.27,0.0,0.106,pinned,,,,82.419,synthetic,0.951,synthetic,4206.677,-52.859,68,true,false
2,7200.0,131,1C,258.0,-13.67,0.0,0.16,pinned,,,,72.641,synthetic,,,4207.094,-46.021,39,true,false
2,7200.0,132,1C,258.0,6.63,0.0,-1.269,pinned,,,,68.773,synthetic,,,4202.238,-45.68,39,true,false
2,7200.0,133,1C,258.0,36.73,0.0,0.755,pinned,,,,66.536,synthetic,,,4199.615,-47.959,56,true,false
2,7200.0,134,1A,258.0,66.63,0.0,-1.834,pinned,2073.344,2040.592,synthetic,,,,,4199.231,-40.686,56,true,false
2,7200.0,135,1B,258.0,96.53,0.0,1.2,pinned,,,,79.953,synthetic,0.459,synthetic,4203.549,-47.368,56,true,false
2,7200.0,136,1B,258.0,126.53,0.0,0.117,pinned,,,,79.261,synthetic,0.585,synthetic,4190.231,-49.585,59,true,false
2,7200.0,137,1B,258.0,146.53,0.0,0.487,pinned,,,,79.731,synthetic,0.686,synthetic,4205.285,-44.009,59,true,false
2,7200.0,138,1B,258.0,166.53,0.0,-1.115,pinned,,,,77.363,synthetic,0.5,synthetic,4191.513,-31.321,59,true,false
2,7200.0,139,1A,258.0,186.53,0.0,0.117,pinned,2095.751,1978.724,synthetic,,,,,4196.526,-42.885,59,true,false
2,7200.0,140,1C,284.15,7.34,0.0,-2.385,synthetic,,,,72.566,synthetic,,,4196.054,-47.998,46,true,false
2,7200.0,141,1C,288.78,34.51,0.0,0.414,synthetic,,,,65.389,synthetic,,,4209.056,-48.548,56,true,false
2,7200.0,142,1C,298.09,-33.57,0.0,2.346,synthetic,,,,66.533,synthetic,,,4200.162,-45.517,46,true,false
2,7200.0,143,1B,312.9,167.9,0.0,0.075,synthetic,,,,80.056,synthetic,0.554,synthetic,4204.678,-48.33,14,true,false
2,7200.0,144,1B,313.67,-151.4,0.0,0.643,synthetic,,,,77.48,synthetic,1.067,synthetic,4208.831,-52.656,55,true,false
2,7200.0,145,1B,314.6,-97.21,0.0,1.491,synthetic,,,,83.577,synthetic,0.916,synthetic,4203.023,-36.968,78,true,false
2,7200.0,146,1C,321.07,-8.58,0.0,-0.774,synthetic,,,,67.578,synthetic,,,4206.525,-36.174,46,true,false
2,7200.0,147,1C,324.91,-35.74,0.0,0.475,synthetic,,,,71.791,synthetic,,,4195.69,-45.66,46,true,false
2,7200.0,148,1B,332.91,121.76,0.0,0.721,synthetic,,,,78.979,synthetic,0.413,synthetic,4202.204,-46.129,14,true,false
2,7200.0,149,1C,351.05,-3.47,0.0,-0.27,synthetic,,,,75.507,synthetic,,,4188.503,-49.037,46,true,false
2,7200.0,150,1B,361.75,-121.5,0.0,1.098,synthetic,,,,86.4,synthetic,0.201,synthetic,4197.503,-50.945,78,true,false
2,7200.0,151,1C,375.54,-32.69,0.0,0.224,synthetic,,,,68.997,synthetic,,,4197.522,-45.796,4,true,false
2,7200.0,152,1B,377.82,97.32,0.0,1.691,synthetic,,,,78.131,synthetic,0.678,synthetic,4196.069,-52.963,14,true,false
2,7200.0,153,1B,387.75,47.97,0.0,1.322,synthetic,,,,94.954,synthetic,0.844,synthetic,4200.789,-52.795,4,true,false
2,7200.0,154,1B,388.32,148.81,0.0,-0.694,synthetic,,,,84.428,synthetic,0.485,synthetic,4201.731,-50.337,14,true,false
2,7200.0,155,1C,400.2,-23.78,0.0,-2.417,synthetic,,,,67.227,synthetic,,,4199.048,-39.971,4,true,false
2,7200.0,156,1B,403.52,-162.55,0.0,-0.188,synthetic,,,,78.921,synthetic,0.762,synthetic,4202.43,-54.844,30,true,false
2,7200.0,157,1B,412.17,-98.3,0.0,0.927,synthetic,,,,86.53,synthetic,0.854,synthetic,4197.981,-43.894,30,true,false
2,7200.0,158,1C,426.17,-35.12,0.0,1.927,synthetic,,,,70.86,synthetic,,,4200.739,-49.33,4,true,false
2,7200.0,159,1B,430.32,112.04,0.0,-0.482,synthetic,,,,77.483,synthetic,0.534,synthetic,4209.537,-53.266,5,true,false
2,7200.0,160,1C,453.5,-26.22,0.0,2.919,synthetic,,,,70.004,synthetic,,,4199.333,-53.069,4,true,false
2,7200.0,161,1C,461.35,36.95,0.0,-1.937,synthetic,,,,68.112,synthetic,,,4198.75,-53.372,27,true,false
2,7200.0,162,1B,466.57,157.87,0.0,0.994,synthetic,,,,85.727,synthetic,0.564,synthetic,4200.487,-42.826,5,true,false
2,7200.0,163,1B,473.21,-128.21,0.0,-0.37,synthetic,,,,79.828,synthetic,0.681,synthetic,4197.278,-47.006,74,true,false
2,7200.0,164,1B,490.13,102.6,0.0,-0.259,synthetic,,,,82.257,synthetic,0.714,synthetic,4197.664,-50.422,5,true,false
2,7200.0,165,1B,493.58,-56.84,0.0,-0.624,synthetic,,,,77.742,synthetic,0.741,synthetic,4198.944,-54.115,30,true,false
2,7200.0,166,1C,494.56,30.34,0.0,-1.525,synthetic,,,,74.136,synthetic,,,4207.845,-47.004,27,true,false
2,7200.0,167,1B,519.19,-159.6,0.0,1.828,synthetic,,,,75.673,synthetic,0.545,synthetic,4199.896,-45.926,74,true,false
2,7200.0,168,1B,524.39,164.3,0.0,3.494,synthetic,,,,72.734,synthetic,0.172,synthetic,4195.656,-50.18,5,true,false
2,7200.0,169,1B,527.06,-107.96,0.0,-0.99,synthetic,,,,74.542,synthetic,0.22,synthetic,4192.196,-52.125,74,true,false
2,7200.0,170,1C,533.82,33.85,0.0,1.308,synthetic,,,,72.645,synthetic,,,4197.731,-42.915,27,true,false
2,7200.0,171,1C,543.39,8.98,0.0,-0.709,synthetic,,,,70.751,synthetic,,,4196.395,-44.175,27,true,false
2,7200.0,172,1B,567.77,132.93,0.0,-0.984,synthetic,,,,77.139,synthetic,0.72,synthetic,4200.054,-53.28,52,true,false
2,7200.0,173,1B,570.52,-157.65,0.0,-0.515,synthetic,,,,88.728,synthetic,0.452,synthetic,4196.051,-55.012,74,true,false
2,7200.0,174,1C,579.64,19.77,0.0,-0.098,synthetic,,,,70.001,synthetic,,,4199.705,-52.273,27,true,false
2,7200.0,175,1C,582.16,-6.58,0.0,-1.607,synthetic,,,,74.053,synthetic,,,4211.431,-47.036,13,true,false
2,7200.0,176,1C,591.22,-30.21,0.0,-0.179,synthetic,,,,70.917,synthetic,,,4194.195,-58.78,52,true,false
2,7200.0,177,1C,602.9,37.9,0.0,-1.491,synthetic,,,,71.201,synthetic,,,4187.85,-51.34,52,true,false
2,7200.0,178,1B,609.16,97.68,0.0,-1.695,synthetic,,,,83.009,synthetic,0.521,synthetic,4195.789,-37.59,52,true,false
2,7200.0,179,1C,614.22,6.13,0.0,0.009,synthetic,,,,68.096,synthetic,,,4202.175,-35.609,13,true,false
2,7200.0,180,1C,623.67,-28.21,0.0,2.175,synthetic,,,,69.832,synthetic,,,4195.443,-46.209,13,true,false
2,7200.0,181,1C,632.11,27.64,0.0,1.361,synthetic,,,,65.721,synthetic,,,4192.993,-48.172,13,true,false
2,7200.0,182,1B,637.24,-164.48,0.0,2.335,synthetic,,,,79.438,synthetic,0.586,synthetic,4201.98,-57.02,21,true,false
2,7200.0,183,1C,639.24,-8.32,0.0,0.692,synthetic,,,,65.335,synthetic,,,4201.981,-45.838,13,true,false
2,7200.0,184,1B,654.17,147.04,0.0,-2.08,synthetic,,,,85.749,synthetic,0.603,synthetic,4199.62,-42.65,23,true,false
2,7200.0,185,1C,664.68,35.7,0.0,1.208,synthetic,,,,72.694,synthetic,,,4198.49,-42.464,38,true,false
2,7200.0,186,1C,673.09,-30.49,0.0,-1.029,synthetic,,,,67.395,synthetic,,,4204.492,-53.979,38,true,false
2,7200.0,187,1C,678.84,9.5,0.0,-0.12,synthetic,,,,70.979,synthetic,,,4195.321,-46.345,38,true,false
2,7200.0,188,1B,698.54,115.59,0.0,-0.191,synthetic,,,,77.953,synthetic,0.681,synthetic,4194.565,-49.498,23,true,false
2,7200.0,189,1C,699.11,37.24,0.0,-1.344,synthetic,,,,72.719,synthetic,,,4205.68,-41.393,38,true,false
2,7200.0,190,1C,702.78,-28.41,0.0,1.392,synthetic,,,,68.414,synthetic,,,4202.018,-54.62,21,true,false
2,7200.0,191,1C,704.74,0.04,0.0,2.754,synthetic,,,,71.96,synthetic,,,4204.846,-50.853,62,true,true
2,7200.0,192,1C,728.22,20.39,0.0,-0.164,synthetic,,,,68.593,synthetic,,,4200.916,-47.663,62,true,false
2,7200.0,193,1B,729.06,-102.41,0.0,-3.195,synthetic,,,,75.661,synthetic,0.668,synthetic,4201.867,-41.361,21,true,false
2,7200.0,194,1C,729.62,-25.15,0.0,0.284,synthetic,,,,70.408,synthetic,,,4202.528,-47.497,62,true,false
2,7200.0,195,1B,730.56,154.01,0.0,-0.761,synthetic,,,,77.839,synthetic,0.58,synthetic,4203.101,-52.456,23,true,false
2,7200.0,196,1C,752.8,14.26,0.0,2.726,synthetic,,,,65.151,synthetic,,,4196.074,-41.466,62,true,false
2,7200.0,197,1C,752.9,-12.1,0.0,-0.579,synthetic,,,,68.381,synthetic,,,4198.88,-37.19,62,true,false
2,7200.0,198,1A,757.57,-201.71,0.0,0.649,synthetic,1788.119,1948.323,synthetic,,,,,4195.401,-57.467,69,true,false
2,7200.0,199,1C,767.11,-34.88,0.0,0.8,synthetic,,,,73.672,synthetic,,,4198.958,-50.309,67,true,false
2,7200.0,200,1C,775.4,32.83,0.0,-1.723,synthetic,,,,69.969,synthetic,,,4194.727,-51.235,77,true,false
2,7200.0,201,1C,779.39,5.89,0.0,2.122,synthetic,,,,67.453,synthetic,,,4195.733,-46.03,62,true,false
2,7200.0,202,1B,786.1,127.19,0.0,0.974,synthetic,,,,86.19,synthetic,0.58,synthetic,4197.01,-48.509,16,true,false
2,7200.0,203,1C,803.44,34.49,0.0,1.463,synthetic,,,,66.794,synthetic,,,4201.954,-53.663,77,true,false
2,7200.0,204,1C,805.84,-24.52,0.0,-0.946,synthetic,,,,70.365,synthetic,,,4199.727,-51.049,67,true,false
2,7200.0,205,1C,808.22,1.59,0.0,-0.543,synthetic,,,,72.251,synthetic,,,4205.296,-54.722,67,true,false
2,7200.0,206,1C,830.81,34.38,0.0,1.68,synthetic,,,,64.02,synthetic,,,4198.977,-54.162,42,true,false
2,7200.0,207,1C,832.9,7.9,0.0,2.114,synthetic,,,,67.62,synthetic,,,4196.688,-46.221,22,true,false
2,7200.0,208,1B,842.78,111.79,0.0,0.258,synthetic,,,,77.863,synthetic,0.974,synthetic,4204.608,-45.351,16,true,false
2,7200.0,209,1C,845.71,-14.49,0.0,2.259,synthetic,,,,68.128,synthetic,,,4206.971,-34.78,22,true,false
2,7200.0,210,1B,847.57,-154.02,0.0,-0.322,synthetic,,,,79.304,synthetic,1.138,synthetic,4202.268,-36.908,69,true,false
2,7200.0,211,1C,857.49,-36.91,0.0,1.93,synthetic,,,,72.175,synthetic,,,4200.787,-45.229,22,true,false
2,7200.0,212,1C,857.76,34.06,0.0,-1.173,synthetic,,,,72.017,synthetic,,,4200.919,-50.956,42,true,false
2,7200.0,213,1B,859.15,-104.53,0.0,0.94,synthetic,,,,74.605,synthetic,0.652,synthetic,4199.85,-52.445,69,true,false
2,7200.0,214,1B,863.4,164.28,0.0,-0.685,synthetic,,,,79.949,synthetic,1.052,synthetic,4201.981,-51.909,16,true,false
2,7200.0,215,1C,873.53,-10.14,0.0,1.724,synthetic,,,,70.092,synthetic,,,4201.592,-43.519,22,true,false
2,7200.0,216,1C,878.82,17.38,0.0,0.713,synthetic,,,,65.24,synthetic,,,4202.356,-49.068,22,true,true
2,7200.0,217,1C,885.19,-34.35,0.0,0.445,synthetic,,,,67.815,synthetic,,,4202.009,-49.059,22,true,false
2,7200.0,218,1B,896.01,-167.21,0.0,1.56,synthetic,,,,85.688,synthetic,0.5,synthetic,4198.247,-49.943,69,true,false
2,7200.0,219,1C,899.44,32.26,0.0,-0.324,synthetic,,,,67.272,synthetic,,,4203.689,-48.373,42,true,false
2,7200.0,220,1B,908.99,127.64,0.0,-0.551,synthetic,,,,78.671,synthetic,0.863,synthetic,4199.259,-50.272,66,true,false
2,7200.0,221,1C,913.52,-36.2,0.0,0.624,synthetic,,,,64.645,synthetic,,,4208.063,-49.061,2,true,false
2,7200.0,222,1C,923.23,-2.01,0.0,-0.936,synthetic,,,,70.332,synthetic,,,4193.505,-36.899,2,true,false
2,7200.0,223,1C,935.61,27.31,0.0,-1.704,synthetic,,,,72.549,synthetic,,,4194.995,-46.597,2,true,false
2,7200.0,224,1C,942.9,-32.1,0.0,1.049,synthetic,,,,70.043,synthetic,,,4193.275,-47.19,2,true,false
2,7200.0,225,1B,948.65,-122.48,0.0,0.759,synthetic,,,,82.527,synthetic,0.403,synthetic,4195.118,-54.185,79,true,false
2,7200.0,226,1C,955.46,-0.75,0.0,1.111,synthetic,,,,66.95,synthetic,,,4203.115,-44.273,2,true,false
2,7200.0,227,1B,958.75,97.15,0.0,-1.179,synthetic,,,,76.814,synthetic,0.814,synthetic,4203.117,-49.482,66,true,false
2,7200.0,228,1C,962.9,37.9,0.0,1.625,synthetic,,,,69.09,synthetic,,,4195.438,-49.743,34,true,false
2,7200.0,229,1B,977.65,162.96,0.0,-0.051,synthetic,,,,88.236,synthetic,0.48,synthetic,4203.911,-48.127,66,true,false
2,7200.0,230,1C,988.19,34.67,0.0,-0.715,synthetic,,,,70.732,synthetic,,,4206.787,-47.707,34,true,false
2,7200.0,231,1B,988.64,-168.37,0.0,-0.381,synthetic,,,,88.699,synthetic,0.509,synthetic,4203.132,-46.501,79,true,false
2,7200.0,232,1C,994.18,-10.88,0.0,-1.382,synthetic,,,,70.494,synthetic,,,4197.284,-55.12,34,true,false
2,7200.0,233,1B,1010.5,-118.78,0.0,-1.473,synthetic,,,,80.294,synthetic,0.673,synthetic,4193.808,-47.667,79,true,false
2,7200.0,234,1B,1018.69,131.11,0.0,-0.026,synthetic,,,,78.438,synthetic,0.301,synthetic,4198.747,-51.459,17,true,false
2,7200.0,235,1C,1024.91,-16.29,0.0,1.453,synthetic,,,,71.641,synthetic,,,4202.486,-48.553,6,true,false
2,7200.0,236,1C,1031.57,14.58,0.0,1.858,synthetic,,,,71.899,synthetic,,,4205.169,-44.177,6,true,false
2,7200.0,237,1C,1045.06,36.69,0.0,-0.065,synthetic,,,,70.733,synthetic,,,4198.36,-46.686,6,true,false
2,7200.0,238,1B,1046.02,-157.9,0.0,1.907,synthetic,,,,83.231,synthetic,0.497,synthetic,4192.685,-47.723,79,true,false
2,7200.0,239,1B,1052.9,167.9,0.0,0.596,synthetic,,,,72.459,synthetic,0.876,synthetic,4200.646,-40.201,17,true,false
2,7200.0,240,1C,1057.94,-28.03,0.0,1.003,synthetic,,,,70.334,synthetic,,,4197.399,-48.384,6,true,false
2,7200.0,241,1C,1066.15,18.03,0.0,0.893,synthetic,,,,71.109,synthetic,,,4206.057,-41.634,6,true,false
2,7200.0,242,1B,1078.18,102.04,0.0,0.69,synthetic,,,,73.918,synthetic,0.586,synthetic,4193.106,-52.446,17,true,false
2,7200.0,243,1C,1082.9,37.9,0.0,-0.433,synthetic,,,,69.057,synthetic,,,4203.824,-56.684,70,true,false
2,7200.0,244,1C,1084.67,-22.04,0.0,0.392,synthetic,,,,72.053,synthetic,,,4200.832,-51.55,70,true,false
2,7200.0,245,1C,1093.73,12.09,0.0,-0.898,synthetic,,,,69.763,synthetic,,,4205.437,-50.615,11,true,false
2,7200.0,246,1B,1099.99,-117.86,0.0,-1.836,synthetic,,,,75.422,synthetic,0.685,synthetic,4205.199,-51.43,71,true,false
2,7200.0,247,1B,1102.41,158.26,0.0,0.441,synthetic,,,,88.797,synthetic,0.428,synthetic,4198.377,-49.125,17,true,false
2,7200.0,248,1B,1104.5,-167.97,0.0,0.521,synthetic,,,,83.933,synthetic,0.914,synthetic,4202.681,-50.951,50,true,false
2,7200.0,249,1C,1109.22,33.07,0.0,0.103,synthetic,,,,66.276,synthetic,,,4197.584,-44.855,11,true,false
2,7200.0,250,1C,1125.12,-27.17,0.0,1.084,synthetic,,,,68.317,synthetic,,,4194.69,-41.715,70,true,false
2,7200.0,251,1C,1125.28,7.37,0.0,0.276,synthetic,,,,73.155,synthetic,,,4197.462,-47.147,11,true,false
2,7200.0,252,1C,1136.31,32.18,0.0,0.24,synthetic,,,,67.362,synthetic,,,4208.836,-33.659,11,true,false
2,7200.0,253,1C,1152.04,-14.89,0.0,-1.09,synthetic,,,,62.563,synthetic,,,4193.52,-47.631,70,true,false
2,7200.0,254,1B,1153.04,-145.92,0.0,-1.925,synthetic,,,,84.959,synthetic,0.783,synthetic,4197.554,-41.37,50,true,false
2,7200.0,255,1B,1156.82,125.38,0.0,-1.198,synthetic,,,,83.262,synthetic,0.4,synthetic,4202.55,-53.745,60,true,false
2,7200.0,256,1C,1167.04,28.33,0.0,-0.019,synthetic,,,,72.432,synthetic,,,4202.561,-48.184,11,true,false
2,7200.0,257,1C,1172.48,-32.12,0.0,0.24,synthetic,,,,66.177,synthetic,,,4201.838,-49.408,70,true,false
2,7200.0,258,1C,1174.55,3.68,0.0,0.77,synthetic,,,,70.533,synthetic,,,4192.087,-46.418,8,true,false
2,7200.0,259,1C,1193.48,26.67,0.0,-0.462,synthetic,,,,66.831,synthetic,,,4200.677,-46.811,8,true,false
2,7200.0,260,1B,1196.43,-94.69,0.0,0.101,synthetic,,,,79.247,synthetic,0.192,synthetic,4212.192,-53.796,73,true,false
2,7200.0,261,1C,1200.18,-17.2,0.0,0.211,synthetic,,,,67.204,synthetic,,,4196.145,-40.909,8,true,false
2,7200.0,262,1B,1213.67,129.0,0.0,2.057,synthetic,,,,82.989,synthetic,0.67,synthetic,4200.572,-39.349,60,true,false
2,7200.0,263,1B,1222.26,-146.44,0.0,0.537,synthetic,,,,70.574,synthetic,0.638,synthetic,4203.279,-54.228,50,true,false
2,7200.0,264,1C,1222.9,37.9,0.0,-0.631,synthetic,,,,70.825,synthetic,,,4197.776,-57.19,60,true,false
2,7200.0,265,1C,1228.89,12.07,0.0,-1.403,synthetic,,,,70.023,synthetic,,,4207.397,-46.617,8,true,false
2,7200.0,266,1C,1237.1,-18.33,0.0,-0.833,synthetic,,,,72.905,synthetic,,,4197.569,-48.753,8,true,false
2,7200.0,267,1B,1248.14,-99.01,0.0,-1.549,synthetic,,,,88.061,synthetic,0.549,synthetic,4201.956,-44.213,73,true,false
2,7200.0,268,1B,1252.9,97.9,0.0,1.339,synthetic,,,,76.95,synthetic,1.026,synthetic,4196.58,-51.17,82,true,true
2,7200.0,269,1C,1255.39,32.45,0.0,1.606,synthetic,,,,71.917,synthetic,,,4207.077,-48.524,64,true,false
2,7200.0,270,1B,1259.2,160.18,0.0,1.8,synthetic,,,,85.87,synthetic,0.21,synthetic,4197.478,-49.777,60,true,false
2,7200.0,271,1C,1267.83,-32.98,0.0,-0.08,synthetic,,,,73.034,synthetic,,,4190.886,-49.974,64,true,false
2,7200.0,272,1C,1275.11,4.79,0.0,-0.967,synthetic,,,,67.374,synthetic,,,4196.411,-35.663,64,true,false
2,7200.0,273,1C,1282.81,29.66,0.0,0.167,synthetic,,,,71.317,synthetic,,,4194.323,-43.944,64,true,false
2,7200.0,274,1C,1299.13,-33.78,0.0,-0.592,synthetic,,,,68.056,synthetic,,,4186.4,-52.81,73,true,false
2,7200.0,275,1B,1302.91,-129.73,0.0,-0.043,synthetic,,,,84.768,synthetic,0.679,synthetic,4202.992,-53.067,73,true,false
2,7200.0,276,1C,1304.8,8.14,0.0,0.026,synthetic,,,,74.749,synthetic,,,4200.228,-44.0,64,true,false
2,7200.0,277,1B,1310.64,121.43,0.0,-0.071,synthetic,,,,84.331,synthetic,0.41,synthetic,4193.865,-45.069,82,true,false
2,7200.0,278,1C,1321.72,29.28,0.0,0.247,synthetic,,,,71.478,synthetic,,,4206.406,-54.234,82,true,false
2,7200.0,279,1C,1335.84,6.03,0.0,-0.306,synthetic,,,,67.533,synthetic,,,4201.337,-56.979,82,true,false
2,7200.0,280,1C,1336.9,-34.96,0.0,1.527,synthetic,,,,70.903,synthetic,,,4195.507,-56.054,73,true,false
2,7200.0,281,1C,1354.69,-13.53,0.0,-1.072,synthetic,,,,68.503,synthetic,,,4197.988,-54.682,64,true,true
2,7200.0,282,1B,1355.19,-99.97,0.0,1.649,synthetic,,,,78.792,synthetic,0.631,synthetic,4206.972,-48.481,41,true,false
2,7200.0,283,1C,1362.56,23.04,0.0,1.907,synthetic,,,,66.454,synthetic,,,4202.674,-45.876,54,true,false
2,7200.0,284,1B,1364.7,102.79,0.0,0.171,synthetic,,,,75.744,synthetic,1.042,synthetic,4197.381,-48.33,45,true,false
2,7200.0,285,1B,1376.53,155.34,0.0,-0.106,synthetic,,,,86.056,synthetic,1.0,synthetic,4203.877,-42.205,45,true,false
2,7200.0,286,1B,1377.84,-146.18,0.0,-1.067,synthetic,,,,77.054,synthetic,0.664,synthetic,4206.04,-59.575,73,true,true
2,7200.0,287,1C,1381.23,-18.57,0.0,-0.457,synthetic,,,,67.999,synthetic,,,4201.277,-42.513,54,true,false
2,7200.0,288,1C,1385.75,6.11,0.0,-1.763,synthetic,,,,68.842,synthetic,,,4207.038,-40.855,54,true,false
2,7200.0,289,1C,1393.08,33.29,0.0,1.917,synthetic,,,,65.101,synthetic,,,4204.43,-57.624,29,true,false
2,7200.0,290,1C,1409.58,-2.85,0.0,0.413,synthetic,,,,68.971,synthetic,,,4200.554,-48.481,54,true,false
2,7200.0,291,1B,1413.74,-102.12,0.0,0.191,synthetic,,,,84.259,synthetic,0.475,synthetic,4202.701,-51.284,41,true,false
2,7200.0,292,1C,1422.92,-32.73,0.0,0.631,synthetic,,,,68.188,synthetic,,,4199.752,-49.831,7,true,false
2,7200.0,293,1B,1425.3,111.38,0.0,2.354,synthetic,,,,80.835,synthetic,0.655,synthetic,4191.365,-52.567,45,true,false
2,7200.0,294,1C,1431.43,16.4,0.0,0.464,synthetic,,,,66.205,synthetic,,,4193.271,-46.239,7,true,false
2,7200.0,295,1B,1450.73,156.56,0.0,-0.167,synthetic,,,,79.625,synthetic,0.632,synthetic,4201.499,-54.786,29,true,false
2,7200.0,296,1C,1456.31,-23.51,0.0,-0.347,synthetic,,,,64.646,synthetic,,,4198.595,-43.911,7,true,false
2,7200.0,297,1C,1461.57,24.85,0.0,0.217,synthetic,,,,69.623,synthetic,,,4199.644,-46.229,7,true,false
2,7200.0,298,1B,1462.34,-124.3,0.0,4.008,synthetic,,,,86.799,synthetic,0.712,synthetic,4198.032,-51.774,75,true,false
2,7200.0,299,1C,1484.78,-0.96,0.0,0.464,synthetic,,,,66.562,synthetic,,,4196.233,-47.266,7,true,false
2,7200.0,300,1C,1495.69,28.27,0.0,-2.37,synthetic,,,,71.532,synthetic,,,4199.041,-52.895,29,true,false
2,7200.0,301,1B,1497.7,130.41,0.0,-2.556,synthetic,,,,84.306,synthetic,0.526,synthetic,4200.394,-50.257,29,true,false
2,7200.0,302,1C,1500.69,-29.81,0.0,1.429,synthetic,,,,66.486,synthetic,,,4203.805,-47.952,49,true,false
2,7200.0,303,1C,1526.46,2.91,0.0,2.104,synthetic,,,,71.148,synthetic,,,4196.633,-50.578,40,true,false
2,7200.0,304,1C,1526.83,-32.25,0.0,-0.985,synthetic,,,,71.561,synthetic,,,4202.77,-47.545,49,true,false
2,7200.0,305,1C,1533.1,33.06,0.0,0.559,synthetic,,,,67.96,synthetic,,,4203.131,-54.616,29,true,false
2,7200.0,306,1B,1533.83,-145.45,0.0,0.884,synthetic,,,,82.913,synthetic,0.746,synthetic,4199.669,-43.716,75,true,false
2,7200.0,307,1B,1547.05,169.12,0.0,1.411,synthetic,,,,73.676,synthetic,0.659,synthetic,4200.892,-51.26,58,true,false
2,7200.0,308,1C,1551.72,-11.98,0.0,-1.275,synthetic,,,,65.432,synthetic,,,4203.404,-44.564,40,true,false
2,7200.0,309,1C,1571.84,19.49,0.0,-0.306,synthetic,,,,71.013,synthetic,,,4196.302,-43.886,40,true,false
2,7200.0,310,1B,1572.91,95.79,0.0,0.172,synthetic,,,,84.234,synthetic,0.595,synthetic,4205.658,-52.125,58,true,false
2,7200.0,311,1B,1580.98,-97.75,0.0,2.161,synthetic,,,,76.503,synthetic,0.912,synthetic,4203.076,-52.901,20,true,false
2,7200.0,312,1C,1590.09,-17.14,0.0,0.299,synthetic,,,,70.292,synthetic,,,4200.009,-44.365,40,true,false
2,7200.0,313,1B,1590.73,144.4,0.0,0.946,synthetic,,,,78.149,synthetic,0.667,synthetic,4201.997,-29.484,58,true,false
2,7200.0,314,1C,1602.9,7.9,0.0,2.141,synthetic,,,,72.255,synthetic,,,4192.087,-47.19,40,true,false
2,7200.0,315,1C,1607.12,34.9,0.0,1.267,synthetic,,,,69.719,synthetic,,,4196.527,-57.879,43,true,false
2,7200.0,316,1B,1608.07,-152.07,0.0,-0.528,synthetic,,,,88.891,synthetic,0.646,synthetic,4194.395,-42.233,20,true,false
2,7200.0,317,1C,1628.55,16.56,0.0,-1.031,synthetic,,,,66.629,synthetic,,,4205.04,-46.927,35,true,false
2,7200.0,318,1B,1628.82,110.63,0.0,2.214,synthetic,,,,81.909,synthetic,0.45,synthetic,4205.944,-51.471,58,true,false
2,7200.0,319,1C,1631.15,-22.71,0.0,0.275,synthetic,,,,71.073,synthetic,,,4200.804,-46.722,35,true,false
2,7200.0,320,1B,1633.13,-99.86,0.0,1.293,synthetic,,,,80.486,synthetic,0.477,synthetic,4194.619,-49.952,20,true,false
2,7200.0,321,1C,1653.24,29.24,0.0,1.224,synthetic,,,,67.846,synthetic,,,4200.222,-47.113,35,true,false
2,7200.0,322,1B,1658.82,-151.63,0.0,-0.691,synthetic,,,,78.365,synthetic,0.952,synthetic,4196.096,-48.593,20,true,false
2,7200.0,323,1C,1659.85,-32.07,0.0,-1.01,synthetic,,,,68.878,synthetic,,,4210.205,-46.952,35,true,false
2,7200.0,324,1C,1673.72,0.86,0.0,1.379,synthetic,,,,71.336,synthetic,,,4198.241,-43.647,35,true,false
2,7200.0,325,1B,1680.03,150.81,0.0,-0.242,synthetic,,,,72.488,synthetic,0.125,synthetic,4203.298,-53.169,18,true,false
2,7200.0,326,1C,1681.17,28.25,0.0,-0.133,synthetic,,,,64.074,synthetic,,,4203.556,-49.946,43,true,false
2,7200.0,327,1B,1694.49,95.62,0.0,1.6,synthetic,,,,82.932,synthetic,0.716,synthetic,4200.03,-49.65,43,true,false
2,7200.0,328,1B,1704.98,-110.59,0.0,1.18,synthetic,,,,73.439,synthetic,0.691,synthetic,4199.273,-49.709,81,true,false
2,7200.0,329,1C,1713.05,-24.18,0.0,1.085,synthetic,,,,67.424,synthetic,,,4202.662,-48.768,47,true,false
2,7200.0,330,1C,1716.95,19.41,0.0,3.183,synthetic,,,,67.248,synthetic,,,4195.664,-48.945,43,true,false
2,7200.0,331,1C,1730.01,-4.44,0.0,0.481,synthetic,,,,68.1,synthetic,,,4200.754,-52.774,47,true,false
2,7200.0,332,1B,1739.56,-146.73,0.0,1.265,synthetic,,,,78.48,synthetic,0.549,synthetic,4208.651,-45.88,81,true,false
2,7200.0,333,1C,1744.8,-29.88,0.0,0.632,synthetic,,,,72.379,synthetic,,,4199.699,-49.125,28,true,false
2,7200.0,334,1B,1750.53,131.11,0.0,-1.07,synthetic,,,,72.118,synthetic,1.018,synthetic,4203.324,-42.507,18,true,false
2,7200.0,335,1C,1759.19,30.97,0.0,2.392,synthetic,,,,70.265,synthetic,,,4209.764,-48.268,28,true,false
2,7200.0,336,1B,1770.64,-106.88,0.0,0.931,synthetic,,,,86.936,synthetic,0.516,synthetic,4202.718,-54.465,47,true,false
2,7200.0,337,1C,1773.13,-29.12,0.0,-6.087,synthetic,,,,67.522,synthetic,,,4200.865,-45.824,28,true,false
2,7200.0,338,1C,1777.8,12.47,0.0,1.543,synthetic,,,,67.21,synthetic,,,4205.809,-40.925,28,true,false
2,7200.0,339,1C,1794.16,-13.99,0.0,-0.109,synthetic,,,,66.271,synthetic,,,4199.849,-44.924,28,true,false
2,7200.0,340,1B,1795.46,159.03,0.0,-1.522,synthetic,,,,74.889,synthetic,0.357,synthetic,4206.048,-51.794,18,true,false
2,7200.0,341,1B,1795.5,-150.53,0.0,-1.049,synthetic,,,,75.435,synthetic,0.564,synthetic,4194.178,-52.461,9,true,false
2,7200.0,342,1C,1802.31,34.05,0.0,1.357,synthetic,,,,76.367,synthetic,,,4204.083,-56.517,43,true,false
2,7200.0,343,1B,1820.97,-97.24,0.0,-1.657,synthetic,,,,85.976,synthetic,0.595,synthetic,4201.052,-52.008,9,true,false
2,7200.0,344,1C,1826.99,13.02,0.0,-0.106,synthetic,,,,73.835,synthetic,,,4194.769,-46.733,12,true,false
2,7200.0,345,1B,1827.74,119.3,0.0,-0.361,synthetic,,,,73.245,synthetic,0.59,synthetic,4199.669,-52.632,15,true,false
2,7200.0,346,1C,1830.07,-15.83,0.0,-0.182,synthetic,,,,65.64,synthetic,,,4198.657,-45.701,12,true,false
2,7200.0,347,1C,1845.99,32.72,0.0,-0.734,synthetic,,,,70.072,synthetic,,,4199.537,-48.195,12,true,false
2,7200.0,348,1B,1856.12,-141.36,0.0,1.828,synthetic,,,,83.91,synthetic,0.627,synthetic,4201.912,-27.571,9,true,false
2,7200.0,349,1C,1869.32,-30.32,0.0,1.296,synthetic,,,,68.951,synthetic,,,4206.181,-47.468,12,true,false
2,7200.0,350,1C,1873.83,4.54,0.0,0.208,synthetic,,,,70.277,synthetic,,,4200.889,-44.022,12,true,false
2,7200.0,351,1C,1874.72,36.97,0.0,0.012,synthetic,,,,74.096,synthetic,,,4193.531,-52.965,15,true,false
2,7200.0,352,1B,1875.9,105.37,0.0,-0.857,synthetic,,,,66.932,synthetic,0.86,synthetic,4199.401,-37.394,15,true,false
2,7200.0,353,1B,1892.91,159.82,0.0,0.507,synthetic,,,,77.631,synthetic,0.57,synthetic,4195.948,-53.139,15,true,false
2,7200.0,354,1C,1898.91,-29.31,0.0,0.293,synthetic,,,,69.499,synthetic,,,4204.252,-58.904,9,true,false
2,7200.0,355,1C,1899.09,-2.93,0.0,0.776,synthetic,,,,70.552,synthetic,,,4197.885,-47.774,25,true,false
2,7200.0,356,1B,1905.42,-115.72,0.0,-2.339,synthetic,,,,81.542,synthetic,0.548,synthetic,4199.188,-52.574,9,true,false
2,7200.0,357,1C,1919.65,29.4,0.0,0.817,synthetic,,,,67.718,synthetic,,,4208.568,-47.864,25,true,false
2,7200.0,358,1C,1924.04,-25.63,0.0,-0.689,synthetic,,,,67.64,synthetic,,,4204.88,-45.199,25,true,false
2,7200.0,359,1C,1928.43,4.76,0.0,2.333,synthetic,,,,69.574,synthetic,,,4204.287,-35.454,25,true,false
2,7200.0,360,1B,1933.44,-159.8,0.0,-2.685,synthetic,,,,84.934,synthetic,0.736,synthetic,4201.529,-52.747,19,true,false
2,7200.0,361,1B,1939.56,113.55,0.0,-1.674,synthetic,,,,82.645,synthetic,0.672,synthetic,4206.233,-51.19,63,true,false
2,7200.0,362,1B,1948.84,165.03,0.0,0.469,synthetic,,,,76.138,synthetic,0.354,synthetic,4202.965,-41.144,63,true,false
2,7200.0,363,1C,1955.23,-20.55,0.0,1.199,synthetic,,,,65.13,synthetic,,,4203.635,-46.428,25,true,false
2,7200.0,364,1C,1960.07,25.03,0.0,0.384,synthetic,,,,74.315,synthetic,,,4197.095,-50.206,72,true,false
2,7200.0,365,1C,1982.78,-22.8,0.0,0.262,synthetic,,,,68.765,synthetic,,,4198.344,-48.447,53,true,false
2,7200.0,366,1B,1986.69,-150.02,0.0,0.156,synthetic,,,,82.28,synthetic,0.639,synthetic,4203.001,-33.514,19,true,false
2,7200.0,367,1B,1994.36,-99.5,0.0,-1.984,synthetic,,,,72.502,synthetic,0.645,synthetic,4191.033,-51.613,19,true,false
2,7200.0,368,1C,1998.76,15.59,0.0,2.889,synthetic,,,,63.62,synthetic,,,4195.877,-44.29,53,true,false
2,7200.0,369,1C,2006.82,-31.12,0.0,2.162,synthetic,,,,66.112,synthetic,,,4204.148,-46.631,53,true,false
2,7200.0,370,1B,2010.5,153.17,0.0,0.635,synthetic,,,,83.037,synthetic,0.647,synthetic,4202.231,-50.785,63,true,false
2,7200.0,371,1B,2011.58,96.4,0.0,0.253,synthetic,,,,80.36,synthetic,0.428,synthetic,4197.825,-50.823,72,true,false
2,7200.0,372,1C,2030.78,11.44,0.0,0.082,synthetic,,,,70.813,synthetic,,,4212.632,-44.206,53,true,false
2,7200.0,373,1C,2032.55,-23.7,0.0,-1.257,synthetic,,,,70.414,synthetic,,,4199.929,-46.498,53,true,false
2,7200.0,374,1B,2047.47,-129.32,0.0,-1.965,synthetic,,,,87.92,synthetic,0.689,synthetic,4201.261,-52.627,19,true,false
2,7200.0,375,1C,2047.82,31.41,0.0,0.007,synthetic,,,,71.066,synthetic,,,4205.85,-48.517,57,true,false
2,7200.0,376,1C,2061.26,9.74,0.0,1.757,synthetic,,,,72.833,synthetic,,,4193.255,-47.764,26,true,false
2,7200.0,377,1B,2062.9,97.9,0.0,0.697,synthetic,,,,77.237,synthetic,0.092,synthetic,4194.345,-47.19,57,true,false
2,7200.0,378,1B,2063.59,167.98,0.0,0.641,synthetic,,,,79.607,synthetic,0.522,synthetic,4201.721,-55.247,1,true,false
2,7200.0,379,1C,2070.0,-24.49,0.0,1.114,synthetic,,,,69.987,synthetic,,,4195.366,-47.301,26,true,false
2,7200.0,380,1C,2078.57,32.64,0.0,-0.494,synthetic,,,,71.274,synthetic,,,4193.145,-48.689,26,true,false
2,7200.0,381,1B,2095.16,-97.34,0.0,1.884,synthetic,,,,78.877,synthetic,0.588,synthetic,4210.102,-54.464,65,true,false
2,7200.0,382,1C,2101.05,-34.16,0.0,1.349,synthetic,,,,68.411,synthetic,,,4204.818,-47.582,26,true,false
2,7200.0,383,1C,2102.53,3.4,0.0,-0.26,synthetic,,,,71.78,synthetic,,,4199.767,-38.089,26,true,false
2,7200.0,384,1B,2107.84,127.75,0.0,-0.285,synthetic,,,,70.37,synthetic,0.78,synthetic,4201.189,-50.491,1,true,false
2,7200.0,385,1C,2115.84,35.72,0.0,-1.016,synthetic,,,,64.275,synthetic,,,4197.436,-54.177,57,true,false
2,7200.0,386,1B,2121.77,-161.42,0.0,-0.078,synthetic,,,,76.673,synthetic,0.767,synthetic,4196.267,-48.469,65,true,false
2,7200.0,387,1C,2131.9,-32.5,0.0,0.992,synthetic,,,,71.565,synthetic,,,4201.777,-58.143,65,true,false
2,7200.0,388,1C,2140.94,12.41,0.0,-1.099,synthetic,,,,72.733,synthetic,,,4205.803,-48.096,48,true,false
2,7200.0,389,1C,2159.62,-12.24,0.0,0.679,synthetic,,,,74.664,synthetic,,,4199.287,-41.649,48,true,false
2,7200.0,390,1B,2176.15,-100.12,0.0,0.433,synthetic,,,,85.87,synthetic,0.628,synthetic,4203.701,-50.813,65,true,false
2,7200.0,391,1C,2179.48,8.25,0.0,1.38,synthetic,,,,71.659,synthetic,,,4203.86,-38.963,48,true,false
2,7200.0,392,1B,2180.05,163.71,0.0,1.221,synthetic,,,,85.608,synthetic,0.286,synthetic,4202.323,-48.694,1,true,false
2,7200.0,393,1C,2184.2,33.39,0.0,-0.673,synthetic,,,,72.576,synthetic,,,4203.402,-48.612,48,true,false
2,7200.0,394,1B,2185.1,-150.65,0.0,-0.778,synthetic,,,,80.259,synthetic,0.709,synthetic,4202.86,-47.643,65,true,false
2,7200.0,395,1B,2192.32,112.05,0.0,-0.778,synthetic,,,,69.626,synthetic,0.417,synthetic,4202.686,-53.765,1,true,false
2,7200.0,396,1C,2201.13,-26.7,0.0,-0.406,synthetic,,,,70.968,synthetic,,,4199.404,-48.658,48,true,false
2,7200.0,397,1C,2216.58,27.25,0.0,0.408,synthetic,,,,76.842,synthetic,,,4204.898,-60.712,1,true,false
2,7200.0,398,1C,2218.09,0.35,0.0,-0.469,synthetic,,,,66.033,synthetic,,,4207.678,-53.737,61,true,false
2,7200.0,399,1C,2226.97,-30.42,0.0,-0.329,synthetic,,,,69.344,synthetic,,,4200.351,-48.185,61,true,false
2,7200.0,400,1B,2234.61,-100.83,0.0,1.869,synthetic,,,,78.96,synthetic,0.568,synthetic,4198.288,-49.146,61,true,false
2,7200.0,401,1B,2247.65,161.19,0.0,0.458,synthetic,,,,77.56,synthetic,0.388,synthetic,4191.099,-50.662,31,true,false
2,7200.0,402,1C,2251.08,12.88,0.0,2.969,synthetic,,,,66.859,synthetic,,,4197.927,-54.741,61,true,false
2,7200.0,403,1B,2255.52,102.13,0.0,0.02,synthetic,,,,83.938,synthetic,0.637,synthetic,4202.707,-52.621,31,true,false
2,7200.0,404,1C,2261.48,-31.21,0.0,-0.535,synthetic,,,,70.28,synthetic,,,4194.711,-48.328,61,true,false
2,7200.0,405,1B,2273.32,-145.62,0.0,0.803,synthetic,,,,84.868,synthetic,0.801,synthetic,4200.968,-28.183,80,true,false
2,7200.0,406,1C,2273.87,2.21,0.0,-0.831,synthetic,,,,69.1,synthetic,,,4196.378,-43.151,3,true,false
2,7200.0,407,1C,2289.77,32.74,0.0,-1.081,synthetic,,,,70.902,synthetic,,,4198.377,-45.162,3,true,false
2,7200.0,408,1C,2291.99,-22.32,0.0,-0.577,synthetic,,,,69.572,synthetic,,,4198.062,-46.8,3,true,false
2,7200.0,409,1C,2303.75,4.97,0.0,2.775,synthetic,,,,70.63,synthetic,,,4198.416,-38.205,3,true,false
2,7200.0,410,1B,2310.97,108.21,0.0,-0.417,synthetic,,,,80.212,synthetic,0.61,synthetic,4211.91,-49.982,31,true,false
2,7200.0,411,1B,2319.42,-109.68,0.0,1.574,synthetic,,,,78.656,synthetic,0.114,synthetic,4208.753,-50.559,24,true,false
2,7200.0,412,1C,2324.26,-9.8,0.0,0.78,synthetic,,,,76.273,synthetic,,,4199.382,-48.319,3,true,true
2,7200.0,413,1C,2326.77,18.87,0.0,-0.766,synthetic,,,,69.696,synthetic,,,4198.162,-48.22,3,true,false
2,7200.0,414,1B,2332.07,154.58,0.0,1.168,synthetic,,,,87.087,synthetic,0.535,synthetic,4198.882,-49.174,31,true,false
2,7200.0,415,1C,2352.9,27.9,0.0,-0.564,synthetic,,,,72.745,synthetic,,,4190.343,-48.33,33,true,false
2,7200.0,416,1B,2357.92,-150.78,0.0,1.643,synthetic,,,,84.169,synthetic,0.674,synthetic,4196.517,-37.214,24,true,false
2,7200.0,417,1B,2362.71,114.64,0.0,0.216,synthetic,,,,72.287,synthetic,0.481,synthetic,4199.398,-54.957,31,true,false
2,7200.0,418,1C,2363.86,-21.58,0.0,0.265,synthetic,,,,64.095,synthetic,,,4195.968,-43.829,33,true,false
2,7200.0,419,1C,2371.86,6.17,0.0,2.099,synthetic,,,,66.635,synthetic,,,4195.767,-35.609,33,true,false
2,7200.0,420,1B,2399.33,-121.72,0.0,1.717,synthetic,,,,88.787,synthetic,0.694,synthetic,4203.29,-51.292,24,true,false
2,7200.0,421,1B,2415.4,-42.86,0.0,-1.252,synthetic,,,,87.614,synthetic,0.398,synthetic,4209.169,-50.942,51,true,false
2,7200.0,422,1B,2443.75,22.16,0.0,0.46,synthetic,,,,76.927,synthetic,0.668,synthetic,4209.314,-52.39,51,true,false
2,7200.0,423,1A,2461.99,158.31,0.0,-2.664,synthetic,2099.561,2085.535,synthetic,,,,,4193.238,-56.541,44,true,false
2,7200.0,424,1B,2495.21,-8.23,0.0,2.858,synthetic,,,,77.103,synthetic,0.596,synthetic,4198.077,-49.269,51,true,false
2,7200.0,425,1A,2501.81,-115.56,0.0,-0.144,synthetic,2130.356,2077.141,synthetic,,,,,4206.348,-56.474,51,true,false
2,7200.0,426,1A,2551.52,87.31,0.0,-1.039,synthetic,2145.194,2163.386,synthetic,,,,,4199.561,-54.254,44,true,false
3,10800.0,100,1A,-13.29,145.48,0.0,0.708,synthetic,2609.722,2687.657,synthetic,,,,,4193.011,-59.97,32,true,false
3,10800.0,101,1A,-6.19,-117.25,0.0,1.916,synthetic,2540.623,2662.131,synthetic,,,,,4203.503,-59.139,32,true,false
3,10800.0,102,1B,10.76,5.93,0.0,-0.588,synthetic,,,,107.111,synthetic,0.915,synthetic,4200.804,-42.281,32,true,false
3,10800.0,103,1B,52.78,-34.48,0.0,-2.025,synthetic,,,,101.439,synthetic,0.802,synthetic,4201.038,-48.814,36,true,false
3,10800.0,104,1C,94.17,4.32,0.0,0.197,synthetic,,,,99.022,synthetic,,,4194.305,-44.124,36,true,false
3,10800.0,105,1B,102.12,-142.73,0.0,-0.266,synthetic,,,,100.384,synthetic,0.572,synthetic,4193.79,-49.623,37,true,false
3,10800.0,106,1C,114.25,-15.88,0.0,-2.873,synthetic,,,,90.771,synthetic,,,4195.919,-49.977,36,true,false
3,10800.0,107,1B,115.13,127.21,0.0,0.497,synthetic,,,,105.01,synthetic,0.509,synthetic,4190.691,-55.266,76,true,false
3,10800.0,108,1C,126.81,6.98,0.0,2.815,synthetic,,,,91.822,synthetic,,,4209.468,-46.016,10,true,false
3,10800.0,109,1C,131.69,31.8,0.0,1.664,synthetic,,,,98.652,synthetic,,,4201.679,-53.823,36,true,false
3,10800.0,110,1C,150.17,-28.07,0.0,3.864,synthetic,,,,93.291,synthetic,,,4192.481,-45.528,10,true,false
3,10800.0,111,1C,150.57,-1.71,0.0,-1.157,synthetic,,,,98.12,synthetic,,,4192.407,-24.657,10,true,false
3,10800.0,112,1B,154.36,-151.04,0.0,-0.327,synthetic,,,,105.32,synthetic,0.468,synthetic,4210.596,-38.411,37,true,false
3,10800.0,113,1C,161.87,26.92,0.0,-0.759,synthetic,,,,92.345,synthetic,,,4188.997,-46.841,10,true,false
3,10800.0,114,1B,172.22,-96.29,0.0,0.287,synthetic,,,,106.966,synthetic,0.485,synthetic,4200.021,-53.183,37,true,false
3,10800.0,115,1C,178.03,-29.46,0.0,-1.765,synthetic,,,,90.123,synthetic,,,4199.581,-48.589,10,true,true
3,10800.0,116,1C,180.68,7.0,0.0,-1.97,synthetic,,,,96.894,synthetic,,,4199.521,-46.508,10,true,false
3,10800.0,117,1B,192.21,137.4,0.0,-0.139,synthetic,,,,96.775,synthetic,0.588,synthetic,4196.241,-46.589,76,true,false
3,10800.0,118,1C,197.73,26.63,0.0,2.367,synthetic,,,,97.881,synthetic,,,4206.3,-55.404,76,true,false
3,10800.0,119,1C,201.84,-12.84,0.0,1.856,synthetic,,,,94.629,synthetic,,,4200.702,-47.525,39,true,false
3,10800.0,120,1B,203.6,-168.65,0.0,0.61,synthetic,,,,109.96,synthetic,0.354,synthetic,4198.439,-52.869,55,true,false
3,10800.0,121,1C,229.26,-15.84,0.0,3.195,synthetic,,,,86.833,synthetic,,,4210.585,-40.245,39,true,false
3,10800.0,122,1C,233.7,20.32,0.0,-1.73,synthetic,,,,97.58,synthetic,,,4204.067,-44.209,39,true,false
3,10800.0,123,1A,258.0,-203.37,0.0,1.287,pinned,2765.639,2571.522,synthetic,,,,,4203.299,-43.97,55,true,false
3,10800.0,124,1A,258.0,-173.77,0.0,0.999,pinned,2650.844,2648.836,synthetic,,,,,4192.279,-36.894,55,true,false
3,10800.0,125,1B,258.0,-153.57,0.0,0.367,pinned,,,,105.577,synthetic,0.813,synthetic,4197.488,-46.423,55,true,false
3,10800.0,126,1B,258.0,-133.57,0.0,3.377,pinned,,,,112.766,synthetic,0.558,synthetic,4204.742,-48.048,68,true,false
3,10800.0,127,1B,258.0,-113.57,0.0,-1.294,pinned,,,,107.161,synthetic,0.427,synthetic,4202.079,-42.748,68,true,false
3,10800.0,128,1A,258.0,-93.37,0.0,2.529,pinned,2622.035,2792.553,synthetic,,,,,4189.791,-42.022,68,true,false
3,10800.0,129,1A,258.0,-73.37,0.0,-0.667,pinned,2692.142,2583.737,synthetic,,,,,4203.077,-47.416,68,true,false
3,10800.0,130,1B,258.0,-43.27,0.0,-0.047,pinned,,,,102.334,synthetic,0.706,synthetic,4204.497,-52.859,68,true,false
3,10800.0,131,1C,258.0,-13.67,0.0,0.268,pinned,,,,95.41,synthetic,,,4203.432,-46.021,39,true,false
3,10800.0,132,1C,258.0,6.63,0.0,2.525,pinned,,,,90.401,synthetic,,,4192.226,-45.68,39,true,false
3,10800.0,133,1C,258.0,36.73,0.0,1.91,pinned,,,,89.331,synthetic,,,4196.869,-47.959,56,true,false
3,10800.0,134,1A,258.0,66.63,0.0,-1.252,pinned,2579.144,2557.693,synthetic,,,,,4199.074,-40.686,56,true,false
3,10800.0,135,1B,258.0,96.53,0.0,1.554,pinned,,,,108.39,synthetic,0.856,synthetic,4197.343,-47.368,56,true,false
3,10800.0,136,1B,258.0,126.53,0.0,1.277,pinned,,,,105.603,synthetic,0.686,synthetic,4206.703,-49.585,59,true,false
3,10800.0,137,1B,258.0,146.53,0.0,2.164,pinned,,,,105.042,synthetic,0.515,synthetic,4206.47,-44.009,59,true,false
3,10800.0,138,1B,258.0,166.53,0.0,4.264,pinned,,,,102.934,synthetic,0.106,synthetic,4201.349,-31.321,59,true,false
3,10800.0,139,1A,258.0,186.53,0.0,0.519,pinned,2569.314,2692.975,synthetic,,,,,4196.706,-42.885,59,true,false
3,10800.0,140,1C,284.15,7.34,0.0,-1.295,synthetic,,,,92.504,synthetic,,,4196.61,-47.998,46,true,false
3,10800.0,141,1C,288.78,34.51,0.0,-0.101,synthetic,,,,98.127,synthetic,,,4198.202,-48.548,56,true,false
3,10800.0,142,1C,298.09,-33.57,0.0,0.409,synthetic,,,,93.763,synthetic,,,4202.075,-45.517,46,true,false
3,10800.0,143,1B,312.9,167.9,0.0,-1.345,synthetic,,,,113.889,synthetic,0.812,synthetic,4205.348,-48.33,14,true,false
3,10800.0,144,1B,313.67,-151.4,0.0,0.293,synthetic,,,,105.655,synthetic,0.626,synthetic,4200.852,-52.656,55,true,false
3,10800.0,145,1B,314.6,-97.21,0.0,0.73,synthetic,,,,104.718,synthetic,0.513,synthetic,4201.094,-36.968,78,true,false
3,10800.0,146,1C,321.07,-8.58,0.0,1.337,synthetic,,,,95.466,synthetic,,,4204.965,-36.174,46,true,false
3,10800.0,147,1C,324.91,-35.74,0.0,0.413,synthetic,,,,94.55,synthetic,,,4196.098,-45.66,46,true,false
3,10800.0,148,1B,332.91,121.76,0.0,2.922,synthetic,,,,106.259,synthetic,0.807,synthetic,4206.362,-46.129,14,true,false
3,10800.0,149,1C,351.05,-3.47,0.0,2.013,synthetic,,,,99.45,synthetic,,,4203.312,-49.037,46,true,false
3,10800.0,150,1B,361.75,-121.5,0.0,0.063,synthetic,,,,105.01,synthetic,0.705,synthetic,4189.661,-50.945,78,true,false
3,10800.0,151,1C,375.54,-32.69,0.0,0.492,synthetic,,,,93.622,synthetic,,,4199.662,-45.796,4,true,false
3,10800.0,152,1B,377.82,97.32,0.0,-1.86,synthetic,,,,107.104,synthetic,0.439,synthetic,4200.047,-52.963,14,true,false
3,10800.0,153,1B,387.75,47.97,0.0,-0.342,synthetic,,,,104.068,synthetic,0.671,synthetic,4197.627,-52.795,4,true,false
3,10800.0,154,1B,388.32,148.81,0.0,1.309,synthetic,,,,103.132,synthetic,0.651,synthetic,4197.099,-50.337,14,true,false
3,10800.0,155,1C,400.2,-23.78,0.0,-0.883,synthetic,,,,96.739,synthetic,,,4200.47,-39.971,4,true,false
3,10800.0,156,1B,403.52,-162.55,0.0,2.063,synthetic,,,,106.917,synthetic,0.68,synthetic,4208.824,-54.844,30,true,false
3,10800.0,157,1B,412.17,-98.3,0.0,-0.028,synthetic,,,,107.178,synthetic,0.769,synthetic,4198.108,-43.894,30,true,false
3,10800.0,158,1C,426.17,-35.12,0.0,-0.309,synthetic,,,,92.831,synthetic,,,4198.581,-49.33,4,true,false
3,10800.0,159,1B,430.32,112.04,0.0,0.342,synthetic,,,,100.499,synthetic,0.497,synthetic,4199.029,-53.266,5,true,false
3,10800.0,160,1C,453.5,-26.22,0.0,-2.3,synthetic,,,,90.801,synthetic,,,4199.72,-53.069,4,true,false
3,10800.0,161,1C,461.35,36.95,0.0,1.254,synthetic,,,,92.659,synthetic,,,4208.264,-53.372,27,true,false
3,10800.0,162,1B,466.57,157.87,0.0,-1.18,synthetic,,,,109.874,synthetic,0.81,synthetic,4203.756,-42.826,5,true,false
3,10800.0,163,1B,473.21,-128.21,0.0,-0.115,synthetic,,,,107.072,synthetic,0.719,synthetic,4194.848,-47.006,74,true,false
3,10800.0,164,1B,490.13,102.6,0.0,1.329,synthetic,,,,114.198,synthetic,0.714,synthetic,4199.879,-50.422,5,true,false
3,10800.0,165,1B,493.58,-56.84,0.0,-2.697,synthetic,,,,111.426,synthetic,0.749,synthetic,4197.952,-54.115,30,true,false
3,10800.0,166,1C,494.56,30.34,0.0,-1.83,synthetic,,,,87.429,synthetic,,,4202.983,-47.004,27,true,false
3,10800.0,167,1B,519.19,-159.6,0.0,-1.145,synthetic,,,,104.866,synthetic,0.654,synthetic,4194.296,-45.926,74,true,false
3,10800.0,168,1B,524.39,164.3,0.0,1.945,synthetic,,,,102.845,synthetic,0.628,synthetic,4196.276,-58.548,52,true,true
3,10800.0,169,1B,527.06,-107.96,0.0,-0.16,synthetic,,,,101.346,synthetic,1.272,synthetic,4200.4,-52.125,74,true,false
3,10800.0,170,1C,533.82,33.85,0.0,0.688,synthetic,,,,93.542,synthetic,,,4207.196,-42.915,27,true,false
3,10800.0,171,1C,543.39,8.98,0.0,0.482,synthetic,,,,88.274,synthetic,,,4199.088,-44.175,27,true,false
3,10800.0,172,1B,567.77,132.93,0.0,-0.367,synthetic,,,,107.315,synthetic,0.774,synthetic,4198.633,-53.28,52,true,false
3,10800.0,173,1B,570.52,-157.65,0.0,-0.138,synthetic,,,,97.311,synthetic,0.686,synthetic,4204.106,-55.012,74,true,false
3,10800.0,174,1C,579.64,19.77,0.0,0.142,synthetic,,,,98.085,synthetic,,,4200.355,-52.273,27,true,false
3,10800.0,175,1C,582.16,-6.58,0.0,-0.672,synthetic,,,,94.657,synthetic,,,4205.377,-47.036,13,true,false
3,10800.0,176,1C,591.22,-30.21,0.0,-0.773,synthetic,,,,97.396,synthetic,,,4192.888,-58.78,52,true,false
3,10800.0,177,1C,602.9,37.9,0.0,1.498,synthetic,,,,97.782,synthetic,,,4201.444,-51.34,52,true,false
3,10800.0,178,1B,609.16,97.68,0.0,-0.707,synthetic,,,,96.092,synthetic,1.025,synthetic,4200.138,-37.59,52,true,false
3,10800.0,179,1C,614.22,6.13,0.0,1.424,synthetic,,,,95.35,synthetic,,,4198.961,-35.609,13,true,false
3,10800.0,180,1C,623.67,-28.21,0.0,-0.989,synthetic,,,,93.893,synthetic,,,4195.222,-46.209,13,true,false
3,10800.0,181,1C,632.11,27.64,0.0,-2.492,synthetic,,,,95.978,synthetic,,,4201.261,-48.172,13,true,false
3,10800.0,182,1B,637.24,-164.48,0.0,-1.686,synthetic,,,,102.187,synthetic,0.747,synthetic,4198.373,-57.02,21,true,false
3,10800.0,183,1C,639.24,-8.32,0.0,-0.345,synthetic,,,,96.31,synthetic,,,4203.386,-45.838,13,true,false
3,10800.0,184,1B,654.17,147.04,0.0,0.765,synthetic,,,,105.489,synthetic,0.757,synthetic,4202.359,-42.65,23,true,false
3,10800.0,185,1C,664.68,35.7,0.0,-3.489,synthetic,,,,96.706,synthetic,,,4201.462,-42.464,38,true,false
3,10800.0,186,1C,673.09,-30.49,0.0,0.502,synthetic,,,,95.245,synthetic,,,4200.431,-53.979,38,true,false
3,10800.0,187,1C,678.84,9.5,0.0,-0.613,synthetic,,,,93.595,synthetic,,,4194.696,-46.345,38,true,false
3,10800.0,188,1B,698.54,115.59,0.0,-2.645,synthetic,,,,107.691,synthetic,0.628,synthetic,4193.953,-49.498,23,true,false
3,10800.0,189,1C,699.11,37.24,0.0,1.812,synthetic,,,,90.4,synthetic,,,4192.954,-41.393,38,true,false
3,10800.0,190,1C,702.78,-28.41,0.0,1.465,synthetic,,,,95.239,synthetic,,,4199.976,-54.62,21,true,false
3,10800.0,191,1C,704.74,0.04,0.0,2.532,synthetic,,,,95.969,synthetic,,,4207.552,-50.002,38,true,false
3,10800.0,192,1C,728.22,20.39,0.0,0.814,synthetic,,,,92.316,synthetic,,,4196.476,-47.663,62,true,false
3,10800.0,193,1B,729.06,-102.41,0.0,0.983,synthetic,,,,110.835,synthetic,0.842,synthetic,4192.767,-41.361,21,true,false
3,10800.0,194,1C,729.62,-25.15,0.0,-0.461,synthetic,,,,97.152,synthetic,,,4205.07,-47.497,62,true,false
3,10800.0,195,1B,730.56,154.01,0.0,-0.899,synthetic,,,,115.307,synthetic,0.795,synthetic,4195.571,-52.456,23,true,false
3,10800.0,196,1C,752.8,14.26,0.0,-0.477,synthetic,,,,96.864,synthetic,,,4199.015,-41.466,62,true,false
3,10800.0,197,1C,752.9,-12.1,0.0,-0.033,synthetic,,,,93.743,synthetic,,,4202.828,-37.19,62,true,false
3,10800.0,198,1A,757.57,-201.71,0.0,0.716,synthetic,2590.184,2653.886,synthetic,,,,,4194.362,-57.467,69,true,false
3,10800.0,199,1C,767.11,-34.88,0.0,-0.771,synthetic,,,,97.414,synthetic,,,4205.499,-50.309,67,true,false
3,10800.0,200,1C,775.4,32.83,0.0,0.266,synthetic,,,,95.167,synthetic,,,4202.038,-51.235,77,true,false
3,10800.0,201,1C,779.39,5.89,0.0,-3.57,synthetic,,,,96.293,synthetic,,,4201.038,-46.03,62,true,false
3,10800.0,202,1B,786.1,127.19,0.0,2.16,synthetic,,,,99.945,synthetic,0.478,synthetic,4200.894,-48.509,16,true,false
3,10800.0,203,1C,803.44,34.49,0.0,1.802,synthetic,,,,96.666,synthetic,,,4199.196,-53.663,77,true,false
3,10800.0,204,1C,805.84,-24.52,0.0,0.906,synthetic,,,,88.749,synthetic,,,4199.549,-51.049,67,true,false
3,10800.0,205,1C,808.22,1.59,0.0,-1.679,synthetic,,,,95.925,synthetic,,,4200.999,-54.722,67,true,false
3,10800.0,206,1C,830.81,34.38,0.0,-0.308,synthetic,,,,91.537,synthetic,,,4199.803,-54.162,42,true,false
3,10800.0,207,1C,832.9,7.9,0.0,1.155,synthetic,,,,101.941,synthetic,,,4203.092,-46.221,22,true,false
3,10800.0,208,1B,842.78,111.79,0.0,-0.07,synthetic,,,,102.725,synthetic,0.655,synthetic,4189.364,-45.351,16,true,false
3,10800.0,209,1C,845.71,-14.49,0.0,1.132,synthetic,,,,95.441,synthetic,,,4200.274,-34.78,22,true,false
3,10800.0,210,1B,847.57,-154.02,0.0,1.149,synthetic,,,,103.407,synthetic,0.634,synthetic,4204.606,-36.908,69,true,false
3,10800.0,211,1C,857.49,-36.91,0.0,-3.014,synthetic,,,,95.715,synthetic,,,4197.255,-45.229,22,true,false
3,10800.0,212,1C,857.76,34.06,0.0,-1.272,synthetic,,,,95.275,synthetic,,,4198.657,-50.956,42,true,false
3,10800.0,213,1B,859.15,-104.53,0.0,-1.592,synthetic,,,,103.199,synthetic,0.645,synthetic,4207.593,-52.445,69,true,false
3,10800.0,214,1B,863.4,164.28,0.0,1.846,synthetic,,,,103.314,synthetic,0.999,synthetic,4199.383,-51.909,16,true,false
3,10800.0,215,1C,873.53,-10.14,0.0,0.199,synthetic,,,,96.475,synthetic,,,4202.898,-43.519,22,true,false
3,10800.0,216,1C,878.82,17.38,0.0,1.984,synthetic,,,,96.918,synthetic,,,4189.35,-51.585,42,true,false
3,10800.0,217,1C,885.19,-34.35,0.0,-0.354,synthetic,,,,92.608,synthetic,,,4201.349,-49.059,22,true,false
3,10800.0,218,1B,896.01,-167.21,0.0,3.888,synthetic,,,,108.396,synthetic,0.539,synthetic,4201.649,-49.943,69,true,false
3,10800.0,219,1C,899.44,32.26,0.0,2.286,synthetic,,,,94.526,synthetic,,,4193.894,-48.373,42,true,false
3,10800.0,220,1B,908.99,127.64,0.0,0.757,synthetic,,,,99.317,synthetic,0.574,synthetic,4202.463,-50.272,66,true,false
3,10800.0,221,1C,913.52,-36.2,0.0,0.457,synthetic,,,,88.558,synthetic,,,4204.507,-49.061,2,true,false
3,10800.0,222,1C,923.23,-2.01,0.0,-1.42,synthetic,,,,90.836,synthetic,,,4203.448,-36.899,2,true,false
3,10800.0,223,1C,935.61,27.31,0.0,-0.213,synthetic,,,,100.309,synthetic,,,4203.732,-46.597,2,true,false
3,10800.0,224,1C,942.9,-32.1,0.0,-0.025,synthetic,,,,90.563,synthetic,,,4195.876,-47.19,2,true,false
3,10800.0,225,1B,948.65,-122.48,0.0,0.056,synthetic,,,,104.627,synthetic,0.665,synthetic,4205.97,-54.185,79,true,false
3,10800.0,226,1C,955.46,-0.75,0.0,0.317,synthetic,,,,92.152,synthetic,,,4199.463,-44.273,2,true,false
3,10800.0,227,1B,958.75,97.15,0.0,0.543,synthetic,,,,110.366,synthetic,1.131,synthetic,4197.86,-49.482,66,true,false
3,10800.0,228,1C,962.9,37.9,0.0,0.826,synthetic,,,,95.878,synthetic,,,4197.456,-49.743,34,true,false
3,10800.0,229,1B,977.65,162.96,0.0,0.836,synthetic,,,,104.134,synthetic,1.062,synthetic,4203.783,-48.127,66,true,false
3,10800.0,230,1C,988.19,34.67,0.0,-0.171,synthetic,,,,98.642,synthetic,,,4193.365,-47.707,34,true,false
3,10800.0,231,1B,988.64,-168.37,0.0,4.052,synthetic,,,,109.189,synthetic,0.287,synthetic,4196.204,-46.501,79,true,false
3,10800.0,232,1C,994.18,-10.88,0.0,-0.051,synthetic,,,,89.797,synthetic,,,4199.946,-55.12,34,true,false
3,10800.0,233,1B,1010.5,-118.78,0.0,1.298,synthetic,,,,113.602,synthetic,0.573,synthetic,4204.9,-47.667,79,true,false
3,10800.0,234,1B,1018.69,131.11,0.0,0.673,synthetic,,,,102.962,synthetic,0.483,synthetic,4199.896,-51.459,17,true,false
3,10800.0,235,1C,1024.91,-16.29,0.0,-2.528,synthetic,,,,94.95,synthetic,,,4199.254,-48.553,6,true,false
3,10800.0,236,1C,1031.57,14.58,0.0,-2.367,synthetic,,,,96.604,synthetic,,,4208.589,-44.177,6,true,false
3,10800.0,237,1C,1045.06,36.69,0.0,-1.2,synthetic,,,,96.681,synthetic,,,4205.164,-46.686,6,true,false
3,10800.0,238,1B,1046.02,-157.9,0.0,-1.189,synthetic,,,,110.377,synthetic,0.665,synthetic,4203.855,-47.723,79,true,false
3,10800.0,239,1B,1052.9,167.9,0.0,0.304,synthetic,,,,110.51,synthetic,0.845,synthetic,4210.525,-40.201,17,true,false
3,10800.0,240,1C,1057.94,-28.03,0.0,0.102,synthetic,,,,92.827,synthetic,,,4196.221,-48.384,6,true,false
3,10800.0,241,1C,1066.15,18.03,0.0,0.045,synthetic,,,,97.434,synthetic,,,4204.856,-41.634,6,true,false
3,10800.0,242,1B,1078.18,102.04,0.0,-1.238,synthetic,,,,109.069,synthetic,0.599,synthetic,4192.401,-55.708,11,true,true
3,10800.0,243,1C,1082.9,37.9,0.0,0.083,synthetic,,,,94.533,synthetic,,,4200.499,-56.684,70,true,false
3,10800.0,244,1C,1084.67,-22.04,0.0,-1.451,synthetic,,,,92.9,synthetic,,,4193.116,-51.55,70,true,false
3,10800.0,245,1C,1093.73,12.09,0.0,-1.467,synthetic,,,,97.863,synthetic,,,4202.933,-50.615,11,true,false
3,10800.0,246,1B,1099.99,-117.86,0.0,0.479,synthetic,,,,99.778,synthetic,0.501,synthetic,4206.854,-51.43,71,true,false
3,10800.0,247,1B,1102.41,158.26,0.0,-0.012,synthetic,,,,103.762,synthetic,0.686,synthetic,4201.879,-49.125,17,true,false
3,10800.0,248,1B,1104.5,-167.97,0.0,1.611,synthetic,,,,97.946,synthetic,0.578,synthetic,4202.817,-50.951,50,true,false
3,10800.0,249,1C,1109.22,33.07,0.0,-0.517,synthetic,,,,93.658,synthetic,,,4197.289,-44.855,11,true,false
3,10800.0,250,1C,1125.12,-27.17,0.0,1.003,synthetic,,,,94.31,synthetic,,,4196.942,-41.715,70,true,false
3,10800.0,251,1C,1125.28,7.37,0.0,0.414,synthetic,,,,91.881,synthetic,,,4194.833,-47.147,11,true,false
3,10800.0,252,1C,1136.31,32.18,0.0,0.83,synthetic,,,,96.215,synthetic,,,4201.262,-33.659,11,true,false
3,10800.0,253,1C,1152.04,-14.89,0.0,-1.331,synthetic,,,,93.368,synthetic,,,4200.164,-47.631,70,true,false
3,10800.0,254,1B,1153.04,-145.92,0.0,0.218,synthetic,,,,101.206,synthetic,0.571,synthetic,4196.355,-41.37,50,true,false
3,10800.0,255,1B,1156.82,125.38,0.0,0.19,synthetic,,,,103.572,synthetic,0.392,synthetic,4196.651,-53.745,60,true,false
3,10800.0,256,1C,1167.04,28.33,0.0,-0.544,synthetic,,,,96.787,synthetic,,,4197.317,-48.184,11,true,false
3,10800.0,257,1C,1172.48,-32.12,0.0,0.828,synthetic,,,,93.226,synthetic,,,4188.927,-49.408,70,true,false
3,10800.0,258,1C,1174.55,3.68,0.0,2.195,synthetic,,,,90.434,synthetic,,,4205.85,-46.418,8,true,false
3,10800.0,259,1C,1193.48,26.67,0.0,0.96,synthetic,,,,95.596,synthetic,,,4200.369,-46.811,8,true,false
3,10800.0,260,1B,1196.43,-94.69,0.0,3.133,synthetic,,,,104.107,synthetic,0.879,synthetic,4198.539,-53.796,73,true,false
3,10800.0,261,1C,1200.18,-17.2,0.0,-0.134,synthetic,,,,91.14,synthetic,,,4208.518,-40.909,8,true,false
3,10800.0,262,1B,1213.67,129.0,0.0,0.935,synthetic,,,,105.947,synthetic,0.362,synthetic,4200.648,-39.349,60,true,false
3,10800.0,263,1B,1222.26,-146.44,0.0,1.548,synthetic,,,,98.224,synthetic,0.824,synthetic,4199.383,-54.228,50,true,false
3,10800.0,264,1C,1222.9,37.9,0.0,-1.198,synthetic,,,,90.732,synthetic,,,4195.068,-57.19,60,true,false
3,10800.0,265,1C,1228.89,12.07,0.0,1.704,synthetic,,,,100.061,synthetic,,,4198.873,-46.617,8,true,false
3,10800.0,266,1C,1237.1,-18.33,0.0,-3.983,synthetic,,,,96.398,synthetic,,,4207.629,-48.753,8,true,false
3,10800.0,267,1B,1248.14,-99.01,0.0,1.091,synthetic,,,,106.593,synthetic,0.555,synthetic,4202.841,-44.213,73,true,false
3,10800.0,268,1B,1252.9,97.9,0.0,0.293,synthetic,,,,106.565,synthetic,0.617,synthetic,4206.895,-51.17,60,true,false
3,10800.0,269,1C,1255.39,32.45,0.0,-1.093,synthetic,,,,93.4,synthetic,,,4202.052,-48.524,64,true,false
3,10800.0,270,1B,1259.2,160.18,0.0,0.034,synthetic,,,,105.339,synthetic,0.675,synthetic,4197.19,-49.777,60,true,false
3,10800.0,271,1C,1267.83,-32.98,0.0,0.431,synthetic,,,,95.39,synthetic,,,4201.28,-49.974,64,true,false
3,10800.0,272,1C,1275.11,4.79,0.0,-2.176,synthetic,,,,97.206,synthetic,,,4194.093,-35.663,64,true,false
3,10800.0,273,1C,1282.81,29.66,0.0,2.4,synthetic,,,,92.861,synthetic,,,4195.829,-43.944,64,true,false
3,10800.0,274,1C,1299.13,-33.78,0.0,1.215,synthetic,,,,93.234,synthetic,,,4204.366,-52.81,73,true,false
3,10800.0,275,1B,1302.91,-129.73,0.0,2.247,synthetic,,,,101.148,synthetic,0.622,synthetic,4195.371,-53.067,73,true,false
3,10800.0,276,1C,1304.8,8.14,0.0,0.803,synthetic,,,,97.376,synthetic,,,4202.093,-44.0,64,true,false
3,10800.0,277,1B,1310.64,121.43,0.0,-1.002,synthetic,,,,96.139,synthetic,1.166,synthetic,4195.404,-45.069,82,true,false
3,10800.0,278,1C,1321.72,29.28,0.0,0.635,synthetic,,,,96.492,synthetic,,,4201.322,-54.234,82,true,false
3,10800.0,279,1C,1335.84,6.03,0.0,-0.317,synthetic,,,,99.878,synthetic,,,4187.453,-56.979,82,true,false
3,10800.0,280,1C,1336.9,-34.96,0.0,2.793,synthetic,,,,93.795,synthetic,,,4201.801,-56.054,73,true,false
3,10800.0,281,1C,1354.69,-13.53,0.0,0.286,synthetic,,,,94.231,synthetic,,,4201.072,-43.839,54,true,false
3,10800.0,282,1B,1355.19,-99.97,0.0,-1.105,synthetic,,,,111.153,synthetic,0.422,synthetic,4202.994,-48.481,41,true,false
3,10800.0,283,1C,1362.56,23.04,0.0,0.48,synthetic,,,,98.484,synthetic,,,4192.064,-45.876,54,true,false
3,10800.0,284,1B,1364.7,102.79,0.0,0.523,synthetic,,,,100.355,synthetic,0.688,synthetic,4208.608,-48.33,45,true,false
3,10800.0,285,1B,1376.53,155.34,0.0,1.063,synthetic,,,,102.749,synthetic,0.462,synthetic,4200.101,-56.596,82,true,true
3,10800.0,286,1B,1377.84,-146.18,0.0,-0.83,synthetic,,,,104.268,synthetic,0.731,synthetic,4203.885,-40.667,41,true,false
3,10800.0,287,1C,1381.23,-18.57,0.0,-1.689,synthetic,,,,87.526,synthetic,,,4202.926,-42.513,54,true,false
3,10800.0,288,1C,1385.75,6.11,0.0,-0.089,synthetic,,,,88.123,synthetic,,,4199.053,-40.855,54,true,false
3,10800.0,289,1C,1393.08,33.29,0.0,-0.495,synthetic,,,,91.658,synthetic,,,4195.802,-57.624,29,true,false
3,10800.0,290,1C,1409.58,-2.85,0.0,-3.92,synthetic,,,,92.628,synthetic,,,4204.272,-48.481,54,true,false
3,10800.0,291,1B,1413.74,-102.12,0.0,-0.69,synthetic,,,,99.534,synthetic,0.702,synthetic,4201.598,-51.284,41,true,false
3,10800.0,292,1C,1422.92,-32.73,0.0,1.687,synthetic,,,,97.874,synthetic,,,4198.532,-49.831,7,true,false
3,10800.0,293,1B,1425.3,111.38,0.0,0.074,synthetic,,,,104.137,synthetic,0.649,synthetic,4204.26,-52.567,45,true,false
3,10800.0,294,1C,1431.43,16.4,0.0,-1.924,synthetic,,,,94.703,synthetic,,,4191.594,-46.239,7,true,false
3,10800.0,295,1B,1450.73,156.56,0.0,0.917,synthetic,,,,106.601,synthetic,0.536,synthetic,4195.435,-54.786,29,true,false
3,10800.0,296,1C,1456.31,-23.51,0.0,-1.086,synthetic,,,,93.385,synthetic,,,4197.16,-43.911,7,true,false
3,10800.0,297,1C,1461.57,24.85,0.0,-0.905,synthetic,,,,100.121,synthetic,,,4200.658,-46.229,7,true,false
3,10800.0,298,1B,1462.34,-124.3,0.0,-0.296,synthetic,,,,112.49,synthetic,0.569,synthetic,4196.284,-51.774,75,true,false
3,10800.0,299,1C,1484.78,-0.96,0.0,-3.182,synthetic,,,,94.32,synthetic,,,4198.856,-47.266,7,true,false
3,10800.0,300,1C,1495.69,28.27,0.0,-0.074,synthetic,,,,102.11,synthetic,,,4202.287,-52.895,29,true,false
3,10800.0,301,1B,1497.7,130.41,0.0,1.895,synthetic,,,,105.399,synthetic,0.598,synthetic,4199.215,-50.257,29,true,false
3,10800.0,302,1C,1500.69,-29.81,0.0,-2.606,synthetic,,,,98.706,synthetic,,,4199.268,-47.952,49,true,false
3,10800.0,303,1C,1526.46,2.91,0.0,-0.855,synthetic,,,,94.28,synthetic,,,4192.114,-50.578,40,true,false
3,10800.0,304,1C,1526.83,-32.25,0.0,0.867,synthetic,,,,97.759,synthetic,,,4191.774,-47.545,49,true,false
3,10800.0,305,1C,1533.1,33.06,0.0,0.537,synthetic,,,,90.944,synthetic,,,4198.407,-54.616,29,true,false
3,10800.0,306,1B,1533.83,-145.45,0.0,0.927,synthetic,,,,102.45,synthetic,0.43,synthetic,4193.812,-43.716,75,true,false
3,10800.0,307,1B,1547.05,169.12,0.0,0.666,synthetic,,,,107.604,synthetic,0.436,synthetic,4199.703,-51.26,58,true,false
3,10800.0,308,1C,1551.72,-11.98,0.0,-0.591,synthetic,,,,90.376,synthetic,,,4202.98,-44.564,40,true,false
3,10800.0,309,1C,1571.84,19.49,0.0,-0.562,synthetic,,,,91.647,synthetic,,,4191.902,-43.886,40,true,false
3,10800.0,310,1B,1572.91,95.79,0.0,1.829,synthetic,,,,98.721,synthetic,1.043,synthetic,4207.282,-52.125,58,true,false
3,10800.0,311,1B,1580.98,-97.75,0.0,1.494,synthetic,,,,96.487,synthetic,0.511,synthetic,4202.494,-52.901,20,true,false
3,10800.0,312,1C,1590.09,-17.14,0.0,1.03,synthetic,,,,91.308,synthetic,,,4203.314,-44.365,40,true,false
3,10800.0,313,1B,1590.73,144.4,0.0,2.384,synthetic,,,,106.834,synthetic,0.742,synthetic,4191.012,-29.484,58,true,false
3,10800.0,314,1C,1602.9,7.9,0.0,3.354,synthetic,,,,94.001,synthetic,,,4203.087,-47.19,40,true,false
3,10800.0,315,1C,1607.12,34.9,0.0,1.328,synthetic,,,,97.218,synthetic,,,4199.717,-57.879,43,true,false
3,10800.0,316,1B,1608.07,-152.07,0.0,0.02,synthetic,,,,99.835,synthetic,0.529,synthetic,4198.259,-42.233,20,true,false
3,10800.0,317,1C,1628.55,16.56,0.0,-0.7,synthetic,,,,94.193,synthetic,,,4197.456,-46.927,35,true,false
3,10800.0,318,1B,1628.82,110.63,0.0,-0.084,synthetic,,,,104.269,synthetic,0.477,synthetic,4201.51,-51.471,58,true,false
3,10800.0,319,1C,1631.15,-22.71,0.0,-0.457,synthetic,,,,89.947,synthetic,,,4204.043,-46.722,35,true,false
3,10800.0,320,1B,1633.13,-99.86,0.0,-2.068,synthetic,,,,99.349,synthetic,0.662,synthetic,4193.688,-49.952,20,true,false
3,10800.0,321,1C,1653.24,29.24,0.0,-2.067,synthetic,,,,99.416,synthetic,,,4200.156,-47.113,35,true,false
3,10800.0,322,1B,1658.82,-151.63,0.0,0.825,synthetic,,,,102.501,synthetic,0.921,synthetic,4194.981,-48.593,20,true,false
3,10800.0,323,1C,1659.85,-32.07,0.0,0.075,synthetic,,,,95.704,synthetic,,,4201.664,-46.952,35,true,false
3,10800.0,324,1C,1673.72,0.86,0.0,-0.553,synthetic,,,,93.569,synthetic,,,4202.295,-43.647,35,true,false
3,10800.0,325,1B,1680.03,150.81,0.0,2.321,synthetic,,,,108.209,synthetic,0.85,synthetic,4200.606,-53.169,18,true,false
3,10800.0,326,1C,1681.17,28.25,0.0,2.148,synthetic,,,,97.489,synthetic,,,4204.592,-49.546,35,true,true
3,10800.0,327,1B,1694.49,95.62,0.0,0.678,synthetic,,,,112.58,synthetic,0.714,synthetic,4193.655,-49.65,43,true,false
3,10800.0,328,1B,1704.98,-110.59,0.0,2.755,synthetic,,,,105.682,synthetic,0.437,synthetic,4199.11,-49.709,81,true,false
3,10800.0,329,1C,1713.05,-24.18,0.0,0.996,synthetic,,,,96.241,synthetic,,,4206.03,-48.768,47,true,false
3,10800.0,330,1C,1716.95,19.41,0.0,-0.045,synthetic,,,,95.036,synthetic,,,4192.43,-48.945,43,true,false
3,10800.0,331,1C,1730.01,-4.44,0.0,-1.157,synthetic,,,,88.211,synthetic,,,4202.873,-52.774,47,true,false
3,10800.0,332,1B,1739.56,-146.73,0.0,1.07,synthetic,,,,98.253,synthetic,0.725,synthetic,4199.379,-45.88,81,true,false
3,10800.0,333,1C,1744.8,-29.88,0.0,-0.651,synthetic,,,,92.584,synthetic,,,4198.888,-49.125,28,true,false
3,10800.0,334,1B,1750.53,131.11,0.0,1.904,synthetic,,,,103.844,synthetic,0.581,synthetic,4201.853,-42.507,18,true,false
3,10800.0,335,1C,1759.19,30.97,0.0,-1.453,synthetic,,,,92.985,synthetic,,,4207.433,-48.268,28,true,false
3,10800.0,336,1B,1770.64,-106.88,0.0,0.765,synthetic,,,,103.68,synthetic,0.71,synthetic,4206.401,-54.465,47,true,false
3,10800.0,337,1C,1773.13,-29.12,0.0,2.909,synthetic,,,,93.354,synthetic,,,4208.468,-45.824,28,true,false
3,10800.0,338,1C,1777.8,12.47,0.0,0.93,synthetic,,,,94.29,synthetic,,,4199.731,-40.925,28,true,false
3,10800.0,339,1C,1794.16,-13.99,0.0,-2.267,synthetic,,,,92.369,synthetic,,,4198.789,-44.924,28,true,false
3,10800.0,340,1B,1795.46,159.03,0.0,0.107,synthetic,,,,97.979,synthetic,0.494,synthetic,4195.88,-51.794,18,true,false
3,10800.0,341,1B,1795.5,-150.53,0.0,0.83,synthetic,,,,100.255,synthetic,0.807,synthetic,4199.344,-52.461,9,true,false
3,10800.0,342,1C,1802.31,34.05,0.0,-0.996,synthetic,,,,97.02,synthetic,,,4205.099,-56.517,43,true,false
3,10800.0,343,1B,1820.97,-97.24,0.0,0.7,synthetic,,,,105.809,synthetic,0.307,synthetic,4200.453,-52.008,9,true,false
3,10800.0,344,1C,1826.99,13.02,0.0,-1.394,synthetic,,,,96.569,synthetic,,,4197.86,-46.733,12,true,false
3,10800.0,345,1B,1827.74,119.3,0.0,-1.0,synthetic,,,,108.875,synthetic,0.629,synthetic,4201.491,-52.632,15,true,false
3,10800.0,346,1C,1830.07,-15.83,0.0,1.158,synthetic,,,,99.043,synthetic,,,4197.444,-45.701,12,true,false
3,10800.0,347,1C,1845.99,32.72,0.0,-0.193,synthetic,,,,96.727,synthetic,,,4201.716,-48.195,12,true,false
3,10800.0,348,1B,1856.12,-141.36,0.0,0.472,synthetic,,,,101.786,synthetic,0.381,synthetic,4197.646,-27.571,9,true,false
3,10800.0,349,1C,1869.32,-30.32,0.0,-1.399,synthetic,,,,94.334,synthetic,,,4197.787,-47.468,12,true,false
3,10800.0,350,1C,1873.83,4.54,0.0,1.391,synthetic,,,,96.697,synthetic,,,4208.324,-44.022,12,true,false
3,10800.0,351,1C,1874.72,36.97,0.0,-0.578,synthetic,,,,96.444,synthetic,,,4205.98,-52.965,15,true,false
3,10800.0,352,1B,1875.9,105.37,0.0,-3.343,synthetic,,,,106.032,synthetic,0.574,synthetic,4199.863,-37.394,15,true,false
3,10800.0,353,1B,1892.91,159.82,0.0,0.44,synthetic,,,,107.628,synthetic,0.575,synthetic,4214.363,-53.139,15,true,false
3,10800.0,354,1C,1898.91,-29.31,0.0,-2.386,synthetic,,,,96.634,synthetic,,,4198.178,-58.904,9,true,false
3,10800.0,355,1C,1899.09,-2.93,0.0,-2.365,synthetic,,,,92.042,synthetic,,,4204.387,-47.774,25,true,false
3,10800.0,356,1B,1905.42,-115.72,0.0,-1.31,synthetic,,,,95.102,synthetic,0.847,synthetic,4197.571,-52.574,9,true,false
3,10800.0,357,1C,1919.65,29.4,0.0,-0.695,synthetic,,,,102.281,synthetic,,,4198.537,-47.864,25,true,false
3,10800.0,358,1C,1924.04,-25.63,0.0,-0.04,synthetic,,,,96.844,synthetic,,,4193.797,-45.199,25,true,false
3,10800.0,359,1C,1928.43,4.76,0.0,-0.07,synthetic,,,,91.845,synthetic,,,4199.513,-35.454,25,true,false
3,10800.0,360,1B,1933.44,-159.8,0.0,1.531,synthetic,,,,105.194,synthetic,0.497,synthetic,4196.741,-52.747,19,true,false
3,10800.0,361,1B,1939.56,113.55,0.0,-1.894,synthetic,,,,110.881,synthetic,0.805,synthetic,4201.43,-51.19,63,true,false
3,10800.0,362,1B,1948.84,165.03,0.0,-0.787,synthetic,,,,105.118,synthetic,0.761,synthetic,4199.052,-41.144,63,true,false
3,10800.0,363,1C,1955.23,-20.55,0.0,1.991,synthetic,,,,92.03,synthetic,,,4203.355,-46.428,25,true,false
3,10800.0,364,1C,1960.07,25.03,0.0,3.234,synthetic,,,,91.566,synthetic,,,4201.475,-50.206,72,true,false
3,10800.0,365,1C,1982.78,-22.8,0.0,-0.439,synthetic,,,,98.044,synthetic,,,4195.06,-48.447,53,true,false
3,10800.0,366,1B,1986.69,-150.02,0.0,1.307,synthetic,,,,94.79,synthetic,0.621,synthetic,4196.004,-33.514,19,true,false
3,10800.0,367,1B,1994.36,-99.5,0.0,0.951,synthetic,,,,101.346,synthetic,0.689,synthetic,4200.492,-57.116,53,true,true
3,10800.0,368,1C,1998.76,15.59,0.0,0.346,synthetic,,,,100.479,synthetic,,,4203.244,-44.29,53,true,false
3,10800.0,369,1C,2006.82,-31.12,0.0,0.991,synthetic,,,,97.613,synthetic,,,4201.712,-46.631,53,true,false
3,10800.0,370,1B,2010.5,153.17,0.0,0.543,synthetic,,,,107.456,synthetic,0.663,synthetic,4190.323,-50.785,63,true,false
3,10800.0,371,1B,2011.58,96.4,0.0,1.118,synthetic,,,,106.883,synthetic,0.382,synthetic,4207.346,-50.823,72,true,false
3,10800.0,372,1C,2030.78,11.44,0.0,-0.133,synthetic,,,,96.121,synthetic,,,4204.774,-44.206,53,true,false
3,10800.0,373,1C,2032.55,-23.7,0.0,2.145,synthetic,,,,96.869,synthetic,,,4197.45,-46.498,53,true,false
3,10800.0,374,1B,2047.47,-129.32,0.0,2.53,synthetic,,,,106.725,synthetic,0.755,synthetic,4192.684,-52.627,19,true,false
3,10800.0,375,1C,2047.82,31.41,0.0,0.444,synthetic,,,,88.868,synthetic,,,4195.622,-48.517,57,true,false
3,10800.0,376,1C,2061.26,9.74,0.0,2.313,synthetic,,,,99.84,synthetic,,,4204.76,-47.764,26,true,false
3,10800.0,377,1B,2062.9,97.9,0.0,-0.115,synthetic,,,,102.823,synthetic,0.652,synthetic,4198.146,-47.19,57,true,false
3,10800.0,378,1B,2063.59,167.98,0.0,1.953,synthetic,,,,105.408,synthetic,0.327,synthetic,4194.828,-55.247,1,true,false
3,10800.0,379,1C,2070.0,-24.49,0.0,0.845,synthetic,,,,89.929,synthetic,,,4202.444,-47.301,26,true,false
3,10800.0,380,1C,2078.57,32.64,0.0,2.991,synthetic,,,,92.889,synthetic,,,4202.701,-48.689,26,true,false
3,10800.0,381,1B,2095.16,-97.34,0.0,2.951,synthetic,,,,103.315,synthetic,0.395,synthetic,4193.985,-54.464,65,true,false
3,10800.0,382,1C,2101.05,-34.16,0.0,0.283,synthetic,,,,90.105,synthetic,,,4200.372,-47.582,26,true,false
3,10800.0,383,1C,2102.53,3.4,0.0,1.708,synthetic,,,,94.376,synthetic,,,4202.713,-38.089,26,true,false
3,10800.0,384,1B,2107.84,127.75,0.0,1.426,synthetic,,,,102.773,synthetic,0.297,synthetic,4195.556,-50.491,1,true,false
3,10800.0,385,1C,2115.84,35.72,0.0,1.903,synthetic,,,,93.869,synthetic,,,4192.139,-54.177,57,true,false
3,10800.0,386,1B,2121.77,-161.42,0.0,1.801,synthetic,,,,104.115,synthetic,0.682,synthetic,4201.186,-48.469,65,true,false
3,10800.0,387,1C,2131.9,-32.5,0.0,1.777,synthetic,,,,98.393,synthetic,,,4208.788,-58.143,65,true,false
3,10800.0,388,1C,2140.94,12.41,0.0,-1.337,synthetic,,,,96.851,synthetic,,,4197.725,-48.096,48,true,false
3,10800.0,389,1C,2159.62,-12.24,0.0,1.468,synthetic,,,,95.956,synthetic,,,4211.922,-41.649,48,true,false
3,10800.0,390,1B,2176.15,-100.12,0.0,0.179,synthetic,,,,105.181,synthetic,0.635,synthetic,4201.36,-50.813,65,true,false
3,10800.0,391,1C,2179.48,8.25,0.0,-0.201,synthetic,,,,97.013,synthetic,,,4199.338,-38.963,48,true,false
3,10800.0,392,1B,2180.05,163.71,0.0,-0.999,synthetic,,,,105.305,synthetic,0.677,synthetic,4200.415,-48.694,1,true,false
3,10800.0,393,1C,2184.2,33.39,0.0,3.221,synthetic,,,,93.033,synthetic,,,4202.738,-48.612,48,true,false
3,10800.0,394,1B,2185.1,-150.65,0.0,3.979,synthetic,,,,111.631,synthetic,0.59,synthetic,4209.222,-47.643,65,true,false
3,10800.0,395,1B,2192.32,112.05,0.0,-1.086,synthetic,,,,108.884,synthetic,0.595,synthetic,4201.829,-53.765,1,true,false
3,10800.0,396,1C,2201.13,-26.7,0.0,1.257,synthetic,,,,92.836,synthetic,,,4194.883,-48.658,48,true,false
3,10800.0,397,1C,2216.58,27.25,0.0,-0.662,synthetic,,,,94.338,synthetic,,,4198.06,-60.712,1,true,false
3,10800.0,398,1C,2218.09,0.35,0.0,1.483,synthetic,,,,98.039,synthetic,,,4204.582,-53.737,61,true,false
3,10800.0,399,1C,2226.97,-30.42,0.0,4.366,synthetic,,,,91.252,synthetic,,,4200.657,-48.185,61,true,false
3,10800.0,400,1B,2234.61,-100.83,0.0,-2.314,synthetic,,,,110.811,synthetic,0.744,synthetic,4208.369,-49.146,61,true,false
3,10800.0,401,1B,2247.65,161.19,0.0,-3.211,synthetic,,,,111.692,synthetic,0.473,synthetic,4205.645,-50.662,31,true,false
3,10800.0,402,1C,2251.08,12.88,0.0,-0.228,synthetic,,,,93.327,synthetic,,,4201.109,-54.741,61,true,false
3,10800.0,403,1B,2255.52,102.13,0.0,0.056,synthetic,,,,106.529,synthetic,0.672,synthetic,4201.092,-52.621,31,true,false
3,10800.0,404,1C,2261.48,-31.21,0.0,1.877,synthetic,,,,97.047,synthetic,,,4203.815,-51.199,3,true,true
3,10800.0,405,1B,2273.32,-145.62,0.0,-0.67,synthetic,,,,104.206,synthetic,0.835,synthetic,4202.285,-28.183,80,true,false
3,10800.0,406,1C,2273.87,2.21,0.0,1.573,synthetic,,,,96.457,synthetic,,,4196.682,-43.151,3,true,false
3,10800.0,407,1C,2289.77,32.74,0.0,-1.473,synthetic,,,,94.807,synthetic,,,4198.524,-45.162,3,true,false
3,10800.0,408,1C,2291.99,-22.32,0.0,0.876,synthetic,,,,98.596,synthetic,,,4198.088,-46.8,3,true,false
3,10800.0,409,1C,2303.75,4.97,0.0,1.519,synthetic,,,,93.19,synthetic,,,4208.982,-38.205,3,true,false
3,10800.0,410,1B,2310.97,108.21,0.0,0.509,synthetic,,,,112.661,synthetic,0.705,synthetic,4193.698,-49.982,31,true,false
3,10800.0,411,1B,2319.42,-109.68,0.0,3.489,synthetic,,,,107.076,synthetic,0.646,synthetic,4207.532,-50.559,24,true,false
3,10800.0,412,1C,2324.26,-9.8,0.0,1.342,synthetic,,,,90.338,synthetic,,,4198.895,-51.038,33,true,false
3,10800.0,413,1C,2326.77,18.87,0.0,-1.455,synthetic,,,,89.022,synthetic,,,4196.977,-48.22,3,true,false
3,10800.0,414,1B,2332.07,154.58,0.0,1.939,synthetic,,,,106.565,synthetic,0.421,synthetic,4201.684,-49.174,31,true,false
3,10800.0,415,1C,2352.9,27.9,0.0,2.257,synthetic,,,,93.59,synthetic,,,4199.957,-48.33,33,true,false
3,10800.0,416,1B,2357.92,-150.78,0.0,1.31,synthetic,,,,110.57,synthetic,0.417,synthetic,4202.427,-37.214,24,true,false
3,10800.0,417,1B,2362.71,114.64,0.0,-1.265,synthetic,,,,107.01,synthetic,0.926,synthetic,4196.56,-54.957,31,true,false
3,10800.0,418,1C,2363.86,-21.58,0.0,-0.135,synthetic,,,,89.689,synthetic,,,4196.146,-43.829,33,true,false
3,10800.0,419,1C,2371.86,6.17,0.0,-0.187,synthetic,,,,96.493,synthetic,,,4197.509,-35.609,33,true,false
3,10800.0,420,1B,2399.33,-121.72,0.0,2.94,synthetic,,,,104.545,synthetic,0.852,synthetic,4196.344,-51.292,24,true,false
3,10800.0,421,1B,2415.4,-42.86,0.0,0.809,synthetic,,,,107.233,synthetic,0.537,synthetic,4197.408,-50.942,51,true,false
3,10800.0,422,1B,2443.75,22.16,0.0,-0.128,synthetic,,,,100.783,synthetic,0.927,synthetic,4206.102,-52.39,51,true,false
3,10800.0,423,1A,2461.99,158.31,0.0,-0.916,synthetic,2777.826,2648.209,synthetic,,,,,4200.188,-56.541,44,true,false
3,10800.0,424,1B,2495.21,-8.23,0.0,-0.273,synthetic,,,,102.821,synthetic,0.745,synthetic,4209.43,-49.269,51,true,false
3,10800.0,425,1A,2501.81,-115.56,0.0,-3.078,synthetic,2649.234,2780.691,synthetic,,,,,4201.372,-56.474,51,true,false
3,10800.0,426,1A,2551.52,87.31,0.0,-0.69,synthetic,2667.559,2532.452,synthetic,,,,,4204.947,-54.254,44,true,false
4,14400.0,100,1A,-13.29,145.48,0.0,0.195,synthetic,3116.556,3219.102,synthetic,,,,,4195.495,-59.97,32,true,false
4,14400.0,101,1A,-6.19,-117.25,0.0,0.988,synthetic,3131.619,3351.658,synthetic,,,,,4201.396,-59.139,32,true,false
4,14400.0,102,1B,10.76,5.93,0.0,-0.533,synthetic,,,,131.199,synthetic,0.406,synthetic,4202.9,-42.281,32,true,false
4,14400.0,103,1B,52.78,-34.48,0.0,-2.066,synthetic,,,,124.213,synthetic,0.814,synthetic,4205.927,-48.814,36,true,false
4,14400.0,104,1C,94.17,4.32,0.0,1.574,synthetic,,,,112.757,synthetic,,,4203.762,-44.124,36,true,false
4,14400.0,105,1B,102.12,-142.73,0.0,0.962,synthetic,,,,123.621,synthetic,0.904,synthetic,4198.002,-49.623,37,true,false
4,14400.0,106,1C,114.25,-15.88,0.0,1.583,synthetic,,,,118.945,synthetic,,,4191.981,-49.977,36,true,false
4,14400.0,107,1B,115.13,127.21,0.0,-0.668,synthetic,,,,129.408,synthetic,0.402,synthetic,4200.992,-55.266,76,true,false
4,14400.0,108,1C,126.81,6.98,0.0,0.944,synthetic,,,,117.719,synthetic,,,4198.774,-46.016,10,true,false
4,14400.0,109,1C,131.69,31.8,0.0,1.583,synthetic,,,,112.998,synthetic,,,4202.481,-53.823,36,true,false
4,14400.0,110,1C,150.17,-28.07,0.0,2.173,synthetic,,,,110.76,synthetic,,,4199.921,-45.528,10,true,false
4,14400.0,111,1C,150.57,-1.71,0.0,-0.42,synthetic,,,,112.918,synthetic,,,4200.037,-24.657,10,true,false
4,14400.0,112,1B,154.36,-151.04,0.0,1.052,synthetic,,,,128.563,synthetic,0.761,synthetic,4207.163,-38.411,37,true,false
4,14400.0,113,1C,161.87,26.92,0.0,2.075,synthetic,,,,113.952,synthetic,,,4201.966,-46.841,10,true,false
4,14400.0,114,1B,172.22,-96.29,0.0,-1.594,synthetic,,,,128.621,synthetic,0.542,synthetic,4197.416,-53.183,37,true,false
4,14400.0,115,1C,178.03,-29.46,0.0,0.34,synthetic,,,,112.208,synthetic,,,4201.473,-57.91,36,true,false
4,14400.0,116,1C,180.68,7.0,0.0,1.156,synthetic,,,,114.4,synthetic,,,4203.752,-51.677,39,true,true
4,14400.0,117,1B,192.21,137.4,0.0,1.274,synthetic,,,,126.166,synthetic,0.769,synthetic,4197.405,-46.589,76,true,false
4,14400.0,118,1C,197.73,26.63,0.0,-0.581,synthetic,,,,118.142,synthetic,,,4208.381,-55.404,76,true,false
